Season,TeamName,MatchCount,Score,WinCount,DrawCount,LoseCount,GoalsScore,GoalsLose
 1985-86,Górnik Zabrze,30,46,21.0,4.0,5.0,70 , 17
 1985-86,Legia Warszawa,30,42,17.0,8.0,5.0,55 , 29
 1985-86,Widzew Łódź,30,41,15.0,11.0,4.0,40 , 25
 1985-86,Lech Poznań,30,36,12.0,12.0,6.0,36 , 29
 1985-86,GKS Katowice,30,31,10.0,11.0,9.0,46 , 45
 1985-86,Górnik Wałbrzych,30,30,10.0,10.0,10.0,41 , 50
 1985-86,Śląsk Wrocław,30,29,9.0,11.0,10.0,39 , 36
 1985-86,ŁKS Łódź,30,28,8.0,12.0,10.0,36 , 36
 1985-86,Ruch Chorzów,30,28,12.0,4.0,14.0,35 , 39
 1985-86,Pogoń Szczecin,30,27,8.0,11.0,11.0,44 , 44
 1985-86,Stal Mielec,30,25,10.0,5.0,15.0,25 , 32
 1985-86,Zagłębie Lubin,30,25,8.0,9.0,13.0,22 , 32
 1985-86,Motor Lublin,30,25,6.0,13.0,11.0,33 , 47
 1985-86,Lechia Gdańsk,30,24,7.0,10.0,13.0,23 , 35
 1985-86,Bałtyk Gdynia,30,23,7.0,9.0,14.0,28 , 47
 1985-86,Zagłębie Sosnowiec,30,20,6.0,8.0,16.0,24 , 54
 2013-14,GKS Bełchatów,34,63,18.0,9.0,7.0,50 , 27
 2013-14,Górnik Łęczna,34,61,17.0,10.0,7.0,45 , 27
 2013-14,Dolcan Ząbki,34,55,15.0,10.0,9.0,60 , 39
 2013-14,Arka Gdynia,34,54,15.0,9.0,10.0,53 , 40
 2013-14,Termalica Bruk-Bet Nieciecza,34,53,14.0,11.0,9.0,42 , 33
 2013-14,Olimpia Grudziądz,34,53,16.0,5.0,13.0,38 , 39
 2013-14,Wisła Płock,34,52,14.0,10.0,10.0,37 , 33
 2013-14,GKS Katowice,34,46,11.0,13.0,10.0,44 , 45
 2013-14,Sandecja Nowy Sącz,34,44,11.0,11.0,12.0,29 , 40
 2013-14,Miedź Legnica,34,44,11.0,11.0,12.0,42 , 37
 2013-14,Kolejarz Stróże,34,44,12.0,8.0,14.0,36 , 38
 2013-14,Flota Świnoujście,34,42,10.0,12.0,12.0,29 , 34
 2013-14,GKS Tychy,34,41,10.0,11.0,13.0,39 , 48
 2013-14,Chojniczanka Chojnice,34,41,9.0,14.0,11.0,35 , 33
 2013-14,Stomil Olsztyn,34,41,10.0,11.0,13.0,38 , 42
 2013-14,Puszcza Niepołomice,34,33,8.0,9.0,17.0,37 , 56
 2013-14,Energetyk ROW Rybnik,34,33,6.0,15.0,13.0,42 , 52
 2013-14,Okocimski Brzesko,34,23,4.0,11.0,19.0,18 , 51
 1939,Ruch Chorzów,14,18,8.0,2.0,4.0,50 , 23
 1939,Wisła Kraków,12,16,7.0,2.0,3.0,31 , 20
 1939,Pogoń Lwów,13,16,7.0,2.0,4.0,27 , 22
 1939,AKS Chorzów,12,15,6.0,3.0,3.0,30 , 14
 1939,Warta Poznań,12,15,7.0,1.0,4.0,34 , 20
 1939,Cracovia,13,14,7.0,0.0,6.0,23 , 32
 1939,Polonia Warszawa,12,12,5.0,2.0,5.0,28 , 28
 1939,Garbarnia Kraków,13,10,4.0,2.0,7.0,17 , 32
 1939,Warszawianka,11,5,2.0,1.0,8.0,16 , 29
 1939,Union Touring Łódź,12,3,1.0,1.0,10.0,15 , 51
 2004-05,Wisła Kraków,26,62,19.0,5.0,2.0,70 , 23
 2004-05,Dyskobolia Grodzisk W.,26,51,16.0,3.0,7.0,46 , 28
 2004-05,Legia Warszawa,26,47,13.0,8.0,5.0,42 , 19
 2004-05,Wisła Płock,26,41,12.0,5.0,9.0,35 , 30
 2004-05,Cracovia,26,40,12.0,4.0,10.0,37 , 29
 2004-05,Amica Wronki,26,38,10.0,8.0,8.0,29 , 28
 2004-05,Górnik Łęczna,26,36,10.0,6.0,10.0,36 , 36
 2004-05,Lech Poznań,26,34,10.0,4.0,12.0,34 , 40
 2004-05,Pogoń Szczecin,26,31,7.0,10.0,9.0,34 , 43
 2004-05,Polonia Warszawa,26,29,8.0,5.0,13.0,27 , 52
 2004-05,Górnik Zabrze,26,28,7.0,7.0,12.0,27 , 30
 2004-05,Zagłębie Lubin,26,28,6.0,10.0,10.0,31 , 41
 2004-05,Odra Wodzisław Śl.,26,24,7.0,3.0,16.0,27 , 41
 2004-05,GKS Katowice,26,16,4.0,4.0,18.0,23 , 58
 1949,Gwardia Kraków,22,30,13.0,4.0,5.0,50 , 21
 1949,Ogniwo Kraków,22,29,10.0,9.0,3.0,44 , 29
 1949,Kolejarz Poznań,22,27,10.0,7.0,5.0,60 , 37
 1949,Polonia Warszawa,22,27,11.0,5.0,6.0,43 , 29
 1949,AKS Chorzów,22,23,9.0,5.0,8.0,40 , 44
 1949,ŁKS Włókniarz Łódź,22,22,8.0,6.0,8.0,49 , 48
 1949,Warta Poznań,22,21,7.0,7.0,8.0,36 , 35
 1949,Ruch Chorzów,22,19,7.0,5.0,10.0,42 , 48
 1949,Legia Warszawa,22,19,7.0,5.0,10.0,37 , 43
 1949,Górnik Bytom,22,19,7.0,5.0,10.0,34 , 54
 1949,Polonia Bytom,22,17,6.0,5.0,11.0,37 , 43
 1949,Lechia Gdańsk,22,11,4.0,3.0,15.0,26 , 67
 1986-87,Górnik Zabrze,30,49,16.0,10.0,4.0,52 , 21
 1986-87,Pogoń Szczecin,30,44,15.0,10.0,5.0,64 , 39
 1986-87,GKS Katowice,30,43,14.0,10.0,6.0,48 , 26
 1986-87,Śląsk Wrocław,30,40,13.0,11.0,6.0,37 , 23
 1986-87,Legia Warszawa,30,38,12.0,14.0,4.0,44 , 28
 1986-87,Widzew Łódź,30,36,14.0,7.0,9.0,34 , 29
 1986-87,Lech Poznań,29,29,9.0,11.0,9.0,36 , 35
 1986-87,Zagłębie Lubin,29,28,8.0,12.0,9.0,27 , 25
 1986-87,ŁKS Łódź,30,27,8.0,10.0,12.0,30 , 33
 1986-87,Górnik Wałbrzych,30,25,10.0,7.0,13.0,31 , 43
 1986-87,Lechia Gdańsk,30,24,7.0,9.0,14.0,23 , 30
 1986-87,Olimpia Poznań,29,22,6.0,14.0,9.0,21 , 35
 1986-87,Polonia Bytom,29,21,5.0,14.0,10.0,24 , 37
 1986-87,Ruch Chorzów,29,18,3.0,14.0,12.0,16 , 33
 1986-87,Stal Mielec,29,17,5.0,10.0,14.0,24 , 44
 1986-87,Motor Lublin,30,13,6.0,9.0,15.0,20 , 50
 2001-02,Odra Wodzisław Śl.,14,31,10.0,1.0,3.0,28,14
 2001-02,Wisła Kraków,14,28,9.0,1.0,4.0,28,15
 2001-02,Polonia Warszawa,14,25,7.0,4.0,3.0,25,13
 2001-02,GKS Katowice,14,18,5.0,3.0,6.0,17,23
 2001-02,Zagłębie Lubin,14,18,5.0,3.0,6.0,23,28
 2001-02,KSZO Ostrowiec Św.,14,15,4.0,3.0,7.0,14,18
 2001-02,Górnik Zabrze,14,11,2.0,5.0,7.0,13,22
 2001-02,Widzew Łódź,14,11,3.0,2.0,9.0,9,24
 2010-11,ŁKS Łódź,34,71,20.0,11.0,3.0,59 , 34
 2010-11,Podbeskidzie Bielsko-Biała,34,69,20.0,9.0,5.0,53 , 23
 2010-11,Flota Świnoujście,34,66,19.0,9.0,6.0,58 , 34
 2010-11,Sandecja Nowy Sącz,34,56,15.0,11.0,8.0,52 , 34
 2010-11,Piast Gliwice,34,52,13.0,13.0,8.0,45 , 31
 2010-11,Pogoń Szczecin,34,51,14.0,9.0,11.0,55 , 42
 2010-11,Warta Poznań,34,50,14.0,8.0,12.0,44 , 43
 2010-11,Górnik Łęczna,34,50,14.0,8.0,12.0,44 , 39
 2010-11,Ruch Radzionków,34,46,13.0,7.0,14.0,34 , 32
 2010-11,Górnik Polkowice,34,42,12.0,6.0,16.0,31 , 39
 2010-11,GKS Katowice,34,41,10.0,11.0,13.0,47 , 57
 2010-11,Kolejarz Stróże,34,38,10.0,8.0,16.0,30 , 43
 2010-11,Dolcan Ząbki,34,37,10.0,7.0,17.0,33 , 39
 2010-11,Termalica Bruk-Bet Nieciecza,34,37,10.0,7.0,17.0,40 , 53
 2010-11,MKS Kluczbork,34,36,8.0,12.0,14.0,36 , 44
 2010-11,KSZO Ostrowiec Św.,34,36,9.0,9.0,16.0,32 , 43
 2010-11,Odra Wodzisław Śl.,34,32,9.0,5.0,20.0,29 , 58
 2010-11,GKP Gorzów Wlkp.,34,29,7.0,8.0,19.0,28 , 62
 2012-13,Zawisza Bydgoszcz,34,66,19.0,9.0,6.0,69 , 26
 2012-13,Cracovia,34,64,19.0,7.0,8.0,48 , 35
 2012-13,Termalica Bruk-Bet Nieciecza,34,63,19.0,6.0,9.0,54 , 28
 2012-13,Flota Świnoujście,34,63,19.0,6.0,9.0,57 , 33
 2012-13,Arka Gdynia,34,57,17.0,6.0,11.0,46 , 29
 2012-13,GKS Tychy,34,55,15.0,10.0,9.0,44 , 28
 2012-13,Dolcan Ząbki,34,54,16.0,6.0,12.0,52 , 41
 2012-13,Miedź Legnica,34,51,14.0,9.0,11.0,48 , 44
 2012-13,Olimpia Grudziądz,34,51,13.0,12.0,9.0,39 , 34
 2012-13,GKS Katowice,34,50,14.0,8.0,12.0,43 , 36
 2012-13,Kolejarz Stróże,34,50,14.0,8.0,12.0,47 , 45
 2012-13,Bogdanka Łęczna,34,46,11.0,13.0,10.0,37 , 42
 2012-13,Stomil Olsztyn,34,38,8.0,14.0,12.0,37 , 45
 2012-13,Sandecja Nowy Sącz,34,37,10.0,7.0,17.0,35 , 54
 2012-13,Okocimski Brzesko,34,32,7.0,11.0,16.0,38 , 54
 2012-13,Warta Poznań,34,29,7.0,8.0,19.0,36 , 56
 2012-13,Polonia Bytom,34,22,5.0,7.0,22.0,29 , 64
 2012-13,ŁKS Łódź,34,14,3.0,5.0,26.0,17 , 82
 1998-99,Wisła Kraków,30,73,23.0,4.0,3.0,75 , 23
 1998-99,Widzew Łódź,30,56,18.0,2.0,10.0,50 , 33
 1998-99,Legia Warszawa,30,56,16.0,8.0,6.0,41 , 25
 1998-99,Lech Poznań,30,54,17.0,3.0,10.0,55 , 36
 1998-99,Polonia Warszawa,30,46,13.0,7.0,10.0,38 , 31
 1998-99,Ruch Radzionków,30,41,10.0,11.0,9.0,40 , 35
 1998-99,Górnik Zabrze,30,39,9.0,12.0,9.0,34 , 31
 1998-99,Zagłębie Lubin,30,38,9.0,11.0,10.0,42 , 44
 1998-99,Stomil Olsztyn,30,37,10.0,7.0,13.0,29 , 38
 1998-99,Ruch Chorzów,30,36,9.0,9.0,12.0,23 , 36
 1998-99,ŁKS Łódź,30,34,8.0,10.0,12.0,33 , 45
 1998-99,Amica Wronki,30,34,9.0,7.0,14.0,31 , 39
 1998-99,Pogoń Szczecin,30,33,9.0,6.0,15.0,33 , 54
 1998-99,Odra Wodzisław Śl.,30,32,8.0,8.0,14.0,33 , 41
 1998-99,GKS Bełchatów,30,28,7.0,7.0,16.0,26 , 48
 1998-99,GKS Katowice,30,23,5.0,8.0,17.0,25 , 49
 1975-76,Stal Mielec,30,38,13.0,12.0,5.0,45 , 23
 1975-76,GKS Tychy,30,38,15.0,8.0,7.0,38 , 34
 1975-76,Wisła Kraków,30,37,15.0,7.0,8.0,39 , 19
 1975-76,Ruch Chorzów,30,37,12.0,13.0,5.0,35 , 24
 1975-76,Widzew Łódź,30,32,10.0,12.0,8.0,33 , 33
 1975-76,Pogoń Szczecin,30,31,13.0,5.0,12.0,46 , 42
 1975-76,Śląsk Wrocław,30,31,11.0,9.0,10.0,36 , 33
 1975-76,Legia Warszawa,30,29,12.0,5.0,13.0,44 , 46
 1975-76,Górnik Zabrze,30,28,10.0,8.0,12.0,38 , 39
 1975-76,Zagłębie Sosnowiec,30,28,12.0,4.0,14.0,37 , 38
 1975-76,ROW Rybnik,30,28,11.0,6.0,13.0,30 , 40
 1975-76,Lech Poznań,30,27,9.0,9.0,12.0,33 , 46
 1975-76,ŁKS Łódź,30,26,8.0,10.0,12.0,27 , 33
 1975-76,Szombierki Bytom,30,25,10.0,5.0,15.0,37 , 42
 1975-76,Stal Rzeszów,30,24,8.0,8.0,14.0,23 , 35
 1975-76,Polonia Bytom,30,21,6.0,9.0,15.0,19 , 33
 1929,Warta Poznań,24,33,15.0,3.0,6.0,58 , 33
 1929,Garbarnia Kraków,24,32,13.0,6.0,5.0,62 , 43
 1929,Wisła Kraków,24,30,13.0,4.0,7.0,62 , 46
 1929,Legia Warszawa,24,30,12.0,6.0,6.0,44 , 34
 1929,ŁKS Łódź,24,29,11.0,7.0,6.0,41 , 41
 1929,Cracovia,24,28,10.0,8.0,6.0,60 , 35
 1929,Polonia Warszawa,24,20,8.0,4.0,12.0,47 , 57
 1929,Warszawianka,24,20,6.0,8.0,10.0,36 , 54
 1929,Pogoń Lwów,24,19,7.0,5.0,12.0,43 , 48
 1929,Ruch Wielkie Hajduki,24,19,6.0,7.0,11.0,32 , 48
 1929,Czarni Lwów,24,18,7.0,4.0,13.0,59 , 63
 1929,1. FC Katowice,24,17,5.0,7.0,12.0,33 , 51
 1929,Klub Turystów Łódź,24,17,6.0,5.0,13.0,31 , 55
 1978-79,Ruch Chorzów,30,39,16.0,7.0,7.0,44 , 27
 1978-79,Widzew Łódź,30,39,14.0,11.0,5.0,37 , 26
 1978-79,Stal Mielec,30,36,14.0,8.0,8.0,43 , 27
 1978-79,Szombierki Bytom,30,35,11.0,13.0,6.0,42 , 27
 1978-79,Odra Opole,30,34,14.0,6.0,10.0,42 , 28
 1978-79,Legia Warszawa,30,33,10.0,13.0,7.0,32 , 28
 1978-79,Lech Poznań,30,30,11.0,8.0,11.0,34 , 38
 1978-79,GKS Katowice,30,30,10.0,10.0,10.0,28 , 36
 1978-79,Zagłębie Sosnowiec,30,29,7.0,15.0,8.0,22 , 25
 1978-79,Śląsk Wrocław,30,29,11.0,7.0,12.0,23 , 27
 1978-79,Arka Gdynia,30,29,11.0,7.0,12.0,29 , 35
 1978-79,ŁKS Łódź,30,26,9.0,8.0,13.0,30 , 36
 1978-79,Wisła Kraków,30,26,9.0,8.0,13.0,42 , 43
 1978-79,Polonia Bytom,30,24,9.0,6.0,15.0,23 , 39
 1978-79,Pogoń Szczecin,30,22,7.0,8.0,15.0,31 , 41
 1978-79,Gwardia Warszawa,30,19,5.0,9.0,16.0,22 , 41
 2011-12,Piast Gliwice,34,64,19.0,7.0,8.0,57 , 40
 2011-12,Pogoń Szczecin,34,61,18.0,7.0,9.0,54 , 30
 2011-12,Zawisza Bydgoszcz,34,59,16.0,11.0,7.0,47 , 39
 2011-12,Kolejarz Stróże,34,57,16.0,9.0,9.0,40 , 34
 2011-12,Termalica Bruk-Bet Nieciecza,34,56,15.0,11.0,8.0,42 , 26
 2011-12,Bogdanka Łęczna,34,54,15.0,9.0,10.0,50 , 37
 2011-12,Arka Gdynia,34,51,13.0,12.0,9.0,50 , 41
 2011-12,Flota Świnoujście,34,49,12.0,13.0,9.0,46 , 43
 2011-12,Ruch Radzionków,34,48,13.0,9.0,12.0,46 , 51
 2011-12,Warta Poznań,34,46,12.0,10.0,12.0,44 , 36
 2011-12,Olimpia Grudziądz,34,43,10.0,13.0,11.0,46 , 41
 2011-12,Sandecja Nowy Sącz,34,40,10.0,10.0,14.0,42 , 46
 2011-12,GKS Katowice,34,39,9.0,12.0,13.0,33 , 38
 2011-12,Dolcan Ząbki,34,39,10.0,9.0,15.0,40 , 53
 2011-12,Polonia Bytom,34,36,9.0,9.0,16.0,37 , 51
 2011-12,Wisła Płock,34,35,9.0,8.0,17.0,39 , 50
 2011-12,Górnik Polkowice,34,30,7.0,9.0,18.0,40 , 64
 2011-12,Olimpia Elbląg,34,22,4.0,10.0,20.0,33 , 66
 1934,Ruch Wielkie Hajduki,22,36,16.0,4.0,2.0,90 , 29
 1934,Cracovia,22,29,14.0,1.0,7.0,48 , 32
 1934,Wisła Kraków,22,28,13.0,2.0,7.0,54 , 36
 1934,Garbarnia Kraków,22,25,11.0,3.0,8.0,49 , 36
 1934,Legia Warszawa,22,24,10.0,4.0,8.0,37 , 30
 1934,Pogoń Lwów,22,24,12.0,0.0,10.0,41 , 38
 1934,Warta Poznań,22,22,9.0,4.0,9.0,50 , 44
 1934,ŁKS Łódź,22,21,10.0,1.0,11.0,31 , 43
 1934,Polonia Warszawa,22,18,6.0,6.0,10.0,30 , 47
 1934,Warszawianka,22,17,8.0,1.0,13.0,26 , 53
 1934,Podgórze Kraków,22,15,6.0,3.0,13.0,37 , 53
 1934,22 p.p. Strzelec Siedlce,22,3,1.0,1.0,20.0,15 , 73
 1968-69,Legia Warszawa,26,39,16.0,7.0,3.0,51 , 16
 1968-69,Górnik Zabrze,26,37,15.0,7.0,4.0,49 , 21
 1968-69,Polonia Bytom,26,28,8.0,12.0,6.0,30 , 23
 1968-69,Szombierki Bytom,26,28,11.0,6.0,9.0,35 , 35
 1968-69,Zagłębie Sosnowiec,26,28,12.0,4.0,10.0,32 , 33
 1968-69,Ruch Chorzów,26,27,9.0,9.0,8.0,34 , 34
 1968-69,Wisła Kraków,26,25,9.0,7.0,10.0,25 , 32
 1968-69,GKS Katowice,26,24,6.0,12.0,8.0,21 , 21
 1968-69,Odra Opole,26,24,8.0,8.0,10.0,28 , 33
 1968-69,Zagłębie Wałbrzych,26,23,10.0,3.0,13.0,21 , 29
 1968-69,Pogoń Szczecin,26,22,7.0,8.0,11.0,24 , 31
 1968-69,Stal Rzeszów,26,22,7.0,8.0,11.0,18 , 31
 1968-69,Śląsk Wrocław,26,21,7.0,7.0,12.0,19 , 30
 1968-69,ROW Rybnik,26,16,3.0,10.0,13.0,23 , 41
 1962-63,Górnik Zabrze,26,42,19.0,4.0,3.0,69 , 26
 1962-63,Ruch Chorzów,26,37,15.0,7.0,4.0,55 , 33
 1962-63,Zagłębie Sosnowiec,26,36,16.0,4.0,6.0,54 , 28
 1962-63,Polonia Bytom,26,34,14.0,6.0,6.0,52 , 41
 1962-63,Odra Opole,26,29,12.0,5.0,9.0,29 , 27
 1962-63,Arkonia Szczecin,26,26,9.0,8.0,9.0,32 , 38
 1962-63,Legia Warszawa,26,25,7.0,11.0,8.0,29 , 25
 1962-63,Wisła Kraków,26,25,10.0,5.0,11.0,35 , 33
 1962-63,Stal Rzeszów,26,23,7.0,9.0,10.0,33 , 39
 1962-63,Gwardia Warszawa,26,23,10.0,3.0,13.0,31 , 43
 1962-63,Pogoń Szczecin,26,19,7.0,5.0,14.0,31 , 45
 1962-63,ŁKS Łódź,26,19,6.0,7.0,13.0,27 , 43
 1962-63,Lechia Gdańsk,26,15,6.0,3.0,17.0,20 , 48
 1962-63,Lech Poznań,26,11,3.0,5.0,18.0,19 , 47
 1928,Wisła Kraków,28,42,20.0,2.0,6.0,98 , 36
 1928,Warta Poznań,28,40,16.0,8.0,4.0,63 , 39
 1928,Legia Warszawa,28,36,17.0,2.0,9.0,77 , 43
 1928,Cracovia,28,36,15.0,6.0,7.0,70 , 42
 1928,1. FC Katowice,28,35,16.0,3.0,9.0,64 , 49
 1928,Pogoń Lwów,28,31,14.0,3.0,11.0,61 , 55
 1928,Polonia Warszawa,28,30,14.0,2.0,12.0,63 , 61
 1928,Czarni Lwów,28,29,13.0,3.0,12.0,54 , 51
 1928,Klub Turystów Łódź,28,29,13.0,3.0,12.0,51 , 49
 1928,Warszawianka,28,29,11.0,7.0,10.0,50 , 60
 1928,ŁKS Łódź,28,25,10.0,5.0,13.0,58 , 57
 1928,Ruch Wielkie Hajduki,28,25,10.0,5.0,13.0,43 , 54
 1928,Hasmonea Lwów,28,15,6.0,3.0,19.0,43 , 71
 1928,Śląsk Świętochłowice,28,12,5.0,2.0,21.0,29 , 86
 1928,TKS Toruń,28,6,2.0,2.0,24.0,28 , 99
 1930,Cracovia,22,33,16.0,1.0,5.0,46 , 22
 1930,Wisła Kraków,22,32,14.0,4.0,4.0,53 , 34
 1930,Legia Warszawa,22,30,12.0,6.0,4.0,67 , 27
 1930,Polonia Warszawa,22,26,10.0,6.0,6.0,59 , 39
 1930,Warta Poznań,22,26,11.0,4.0,7.0,50 , 37
 1930,Garbarnia Kraków,22,21,8.0,5.0,9.0,50 , 49
 1930,Pogoń Lwów,22,19,4.0,11.0,7.0,34 , 36
 1930,Ruch Wielkie Hajduki,22,19,7.0,5.0,10.0,34 , 51
 1930,Czarni Lwów,22,19,5.0,9.0,8.0,25 , 40
 1930,ŁKS Łódź,22,15,6.0,3.0,13.0,38 , 40
 1930,Warszawianka,22,12,4.0,4.0,14.0,27 , 66
 1930,ŁTSG Łódź,22,12,3.0,6.0,13.0,25 , 67
 1973-74,Ruch Chorzów,30,41,14.0,13.0,3.0,53 , 23
 1973-74,Górnik Zabrze,30,38,16.0,6.0,8.0,43 , 27
 1973-74,Stal Mielec,30,37,13.0,11.0,6.0,41 , 24
 1973-74,Legia Warszawa,30,34,12.0,10.0,8.0,38 , 28
 1973-74,Wisła Kraków,30,34,11.0,12.0,7.0,35 , 27
 1973-74,ŁKS Łódź,30,29,9.0,11.0,10.0,24 , 28
 1973-74,ROW Rybnik,30,29,9.0,11.0,10.0,24 , 28
 1973-74,Pogoń Szczecin,30,29,8.0,13.0,9.0,28 , 38
 1973-74,Gwardia Warszawa,30,28,7.0,14.0,9.0,26 , 27
 1973-74,Lech Poznań,30,28,8.0,12.0,10.0,25 , 26
 1973-74,Zagłębie Sosnowiec,30,27,10.0,7.0,13.0,22 , 31
 1973-74,Polonia Bytom,30,27,7.0,13.0,10.0,23 , 34
 1973-74,Śląsk Wrocław,30,27,9.0,9.0,12.0,21 , 34
 1973-74,Szombierki Bytom,30,26,8.0,10.0,12.0,26 , 31
 1973-74,Odra Opole,30,24,6.0,12.0,12.0,25 , 37
 1973-74,Zagłębie Wałbrzych,30,22,7.0,8.0,15.0,22 , 33
 1966-67,Górnik Zabrze,26,37,16.0,5.0,5.0,44 , 20
 1966-67,Zagłębie Sosnowiec,26,34,14.0,6.0,6.0,45 , 25
 1966-67,Ruch Chorzów,26,30,13.0,4.0,9.0,44 , 30
 1966-67,Legia Warszawa,26,28,9.0,10.0,7.0,35 , 22
 1966-67,ŁKS Łódź,26,28,10.0,8.0,8.0,29 , 28
 1966-67,Polonia Bytom,26,27,11.0,5.0,10.0,35 , 34
 1966-67,GKS Katowice,26,27,11.0,5.0,10.0,29 , 32
 1966-67,Stal Rzeszów,26,26,9.0,8.0,9.0,24 , 30
 1966-67,Pogoń Szczecin,26,24,10.0,4.0,12.0,30 , 39
 1966-67,Wisła Kraków,26,23,8.0,7.0,11.0,30 , 36
 1966-67,Szombierki Bytom,26,23,10.0,3.0,13.0,29 , 37
 1966-67,Śląsk Wrocław,26,21,8.0,5.0,13.0,23 , 28
 1966-67,Zawisza Bydgoszcz,26,19,6.0,7.0,13.0,20 , 35
 1966-67,Cracovia,26,17,7.0,3.0,16.0,27 , 48
 2016-17,Sandecja Nowy Sącz,34,61,18.0,7.0,9.0,50 , 29
 2016-17,Górnik Zabrze,34,58,17.0,7.0,10.0,53 , 34
 2016-17,Zagłębie Sosnowiec,34,57,16.0,9.0,9.0,53 , 44
 2016-17,Miedź Legnica,34,57,16.0,9.0,9.0,49 , 27
 2016-17,Chojniczanka Chojnice,34,56,13.0,17.0,4.0,54 , 48
 2016-17,Olimpia Grudziądz,34,56,17.0,5.0,12.0,48 , 35
 2016-17,GKS Katowice,34,54,15.0,9.0,10.0,47 , 32
 2016-17,Podbeskidzie Bielsko-Biała,34,53,14.0,11.0,9.0,40 , 39
 2016-17,Wigry Suwałki,34,52,15.0,7.0,12.0,51 , 45
 2016-17,Stal Mielec,34,45,12.0,9.0,13.0,39 , 42
 2016-17,Pogoń Siedlce,34,44,13.0,5.0,16.0,34 , 46
 2016-17,Chrobry Głogów,34,43,12.0,7.0,15.0,50 , 50
 2016-17,Stomil Olsztyn,34,37,9.0,13.0,12.0,48 , 50
 2016-17,GKS Tychy,34,37,10.0,7.0,17.0,42 , 52
 2016-17,Bytovia Bytów,34,35,8.0,11.0,15.0,38 , 47
 2016-17,Wisła Puławy,34,33,7.0,12.0,15.0,33 , 49
 2016-17,Znicz Pruszków,34,30,8.0,6.0,20.0,35 , 64
 2016-17,MKS Kluczbork,34,25,4.0,13.0,17.0,35 , 66
 2009-09,Widzew Łódź,34,72,21.0,9.0,4.0,55 , 23
 2009-09,Zagłębie Lubin,34,69,21.0,6.0,7.0,68 , 33
 2009-09,Korona Kielce,34,61,18.0,7.0,9.0,51 , 37
 2009-09,Podbeskidzie Bielsko-Biała,34,59,17.0,8.0,9.0,60 , 29
 2009-09,Górnik Łęczna,34,57,16.0,9.0,9.0,49 , 36
 2009-09,Znicz Pruszków,34,55,16.0,7.0,11.0,42 , 29
 2009-09,Flota Świnoujście,34,53,16.0,5.0,13.0,43 , 37
 2009-09,Dolcan Ząbki,34,49,14.0,7.0,13.0,35 , 31
 2009-09,Wisła Płock,34,47,13.0,8.0,13.0,45 , 43
 2009-09,Warta Poznań,34,46,13.0,7.0,14.0,44 , 45
 2009-09,GKS Katowice,34,44,11.0,11.0,12.0,37 , 42
 2009-09,Stal Stalowa Wola,34,43,11.0,10.0,13.0,33 , 34
 2009-09,GKS Jastrzębie,34,41,11.0,8.0,15.0,37 , 48
 2009-09,GKP Gorzów Wlkp.,34,36,9.0,9.0,16.0,39 , 54
 2009-09,Motor Lublin,34,32,6.0,14.0,14.0,21 , 36
 2009-09,Tur Turek,34,30,6.0,12.0,16.0,29 , 56
 2009-09,Odra Opole,34,25,6.0,7.0,21.0,22 , 51
 2009-09,Kmita Zabierzów,34,21,3.0,12.0,19.0,11 , 57
 1983-84,Lech Poznań,30,42,19.0,4.0,7.0,47 , 21
 1983-84,Widzew Łódź,30,42,15.0,12.0,3.0,43 , 25
 1983-84,Pogoń Szczecin,30,38,16.0,6.0,8.0,54 , 27
 1983-84,Górnik Zabrze,30,34,12.0,10.0,8.0,34 , 26
 1983-84,Legia Warszawa,30,33,12.0,9.0,9.0,42 , 32
 1983-84,Górnik Wałbrzych,30,31,11.0,9.0,10.0,40 , 35
 1983-84,Ruch Chorzów,30,30,11.0,8.0,11.0,30 , 30
 1983-84,Śląsk Wrocław,30,30,11.0,8.0,11.0,41 , 47
 1983-84,GKS Katowice,30,29,11.0,7.0,12.0,41 , 42
 1983-84,Motor Lublin,30,29,8.0,13.0,9.0,22 , 24
 1983-84,Wisła Kraków,30,27,8.0,11.0,11.0,33 , 38
 1983-84,Zagłębie Sosnowiec,30,27,7.0,13.0,10.0,25 , 35
 1983-84,Bałtyk Gdynia,30,25,7.0,11.0,12.0,25 , 30
 1983-84,ŁKS Łódź,30,25,8.0,9.0,13.0,29 , 43
 1983-84,Cracovia,30,21,6.0,9.0,15.0,19 , 35
 1983-84,Szombierki Bytom,30,17,5.0,7.0,18.0,23 , 58
 1988-89,Ruch Chorzów,30,52,19.0,8.0,3.0,48 , 18
 1988-89,GKS Katowice,30,47,17.0,8.0,5.0,50 , 24
 1988-89,Górnik Zabrze,30,45,17.0,5.0,8.0,55 , 29
 1988-89,Legia Warszawa,30,43,14.0,9.0,7.0,41 , 19
 1988-89,Stal Mielec,30,33,13.0,7.0,10.0,35 , 27
 1988-89,Lech Poznań,30,33,11.0,10.0,9.0,39 , 32
 1988-89,Widzew Łódź,30,29,9.0,12.0,9.0,27 , 27
 1988-89,Jagiellonia Białystok,30,29,9.0,12.0,9.0,22 , 27
 1988-89,Śląsk Wrocław,30,28,7.0,14.0,9.0,34 , 35
 1988-89,ŁKS Łódź,30,26,8.0,11.0,11.0,34 , 45
 1988-89,Olimpia Poznań,30,25,9.0,9.0,12.0,33 , 41
 1988-89,Wisła Kraków,30,23,10.0,6.0,14.0,35 , 48
 1988-89,Pogoń Szczecin,30,20,7.0,9.0,14.0,34 , 50
 1988-89,GKS Jastrzębie,30,19,8.0,8.0,14.0,24 , 43
 1988-89,Górnik Wałbrzych,30,15,7.0,5.0,18.0,22 , 44
 1988-89,Szombierki Bytom,30,13,4.0,9.0,17.0,33 , 57
 2015-16,Arka Gdynia,34,69,19.0,12.0,3.0,60 , 29
 2015-16,Wisła Płock,34,63,19.0,6.0,9.0,51 , 28
 2015-16,Zagłębie Sosnowiec,34,52,16.0,4.0,14.0,53 , 53
 2015-16,GKS Katowice,34,52,15.0,7.0,12.0,42 , 36
 2015-16,Zawisza Bydgoszcz,34,52,15.0,7.0,12.0,57 , 51
 2015-16,Chrobry Głogów,34,51,14.0,9.0,11.0,47 , 33
 2015-16,Miedź Legnica,34,51,13.0,12.0,9.0,41 , 34
 2015-16,Bytovia Bytów,34,48,11.0,15.0,8.0,46 , 44
 2015-16,Sandecja Nowy Sącz,34,47,13.0,8.0,13.0,51 , 43
 2015-16,Wigry Suwałki,34,45,12.0,9.0,13.0,41 , 35
 2015-16,Stomil Olsztyn,34,44,11.0,11.0,12.0,34 , 42
 2015-16,Chojniczanka Chojnice,34,43,12.0,7.0,15.0,40 , 45
 2015-16,Olimpia Grudziądz,34,42,11.0,9.0,14.0,39 , 43
 2015-16,Pogoń Siedlce,34,41,11.0,8.0,15.0,31 , 46
 2015-16,MKS Kluczbork,34,41,11.0,8.0,15.0,40 , 55
 2015-16,GKS Bełchatów,34,38,10.0,8.0,16.0,35 , 40
 2015-16,Rozwój Katowice,34,35,11.0,2.0,21.0,35 , 56
 2015-16,Dolcan Ząbki,34,30,8.0,6.0,20.0,37 , 67
 1948,Wisła Kraków,26,38,17.0,4.0,5.0,86 , 34
 1948,Cracovia,26,38,17.0,4.0,5.0,61 , 26
 1948,Ruch Chorzów,26,30,12.0,6.0,8.0,71 , 40
 1948,Legia Warszawa,26,30,14.0,2.0,10.0,55 , 46
 1948,AKS Chorzów,26,29,13.0,3.0,10.0,50 , 49
 1948,ZZK Poznań,26,26,9.0,8.0,9.0,48 , 49
 1948,Polonia Warszawa,26,26,11.0,4.0,11.0,45 , 49
 1948,ŁKS Łódź,26,24,10.0,4.0,12.0,60 , 64
 1948,Warta Poznań,26,24,9.0,6.0,11.0,51 , 56
 1948,Polonia Bytom,26,23,9.0,5.0,12.0,48 , 55
 1948,Tarnovia Tarnów,26,22,10.0,2.0,14.0,42 , 48
 1948,Garbarnia Kraków,26,22,9.0,4.0,13.0,38 , 52
 1948,Rymer Rybnik,26,19,8.0,3.0,15.0,45 , 64
 1948,Widzew Łódź,26,13,5.0,3.0,18.0,31 , 99
 1959,Górnik Zabrze,22,36,16.0,4.0,2.0,55 , 23
 1959,Polonia Bytom,22,30,12.0,6.0,4.0,52 , 27
 1959,Gwardia Warszawa,22,25,10.0,5.0,7.0,36 , 26
 1959,Legia Warszawa,22,25,8.0,9.0,5.0,31 , 29
 1959,Ruch Chorzów,22,24,8.0,8.0,6.0,32 , 30
 1959,Lechia Gdańsk,22,21,8.0,5.0,9.0,19 , 24
 1959,Wisła Kraków,22,20,8.0,4.0,10.0,35 , 34
 1959,ŁKS Łódź,22,20,6.0,8.0,8.0,35 , 35
 1959,Polonia Bydgoszcz,22,20,6.0,8.0,8.0,33 , 42
 1959,Pogoń Szczecin,22,18,6.0,6.0,10.0,28 , 40
 1959,Cracovia,22,17,6.0,5.0,11.0,29 , 42
 1959,Górnik Radlin,22,8,2.0,4.0,16.0,15 , 48
 1956,CWKS Warszawa,22,34,15.0,4.0,3.0,65 , 17
 1956,Ruch Chorzów,22,29,11.0,7.0,4.0,35 , 23
 1956,Lechia Gdańsk,22,27,10.0,7.0,5.0,25 , 21
 1956,ŁKS Łódź,22,26,10.0,6.0,6.0,38 , 26
 1956,Wisła Kraków,22,23,9.0,5.0,8.0,38 , 34
 1956,Górnik Zabrze,22,23,9.0,5.0,8.0,32 , 33
 1956,Budowlani Opole,22,20,8.0,4.0,10.0,34 , 41
 1956,Kolejarz Poznań,22,20,7.0,6.0,9.0,25 , 38
 1956,Gwardia Warszawa,22,18,5.0,8.0,9.0,23 , 36
 1956,Stal Sosnowiec,22,17,6.0,5.0,11.0,32 , 43
 1956,Polonia Bydgoszcz,22,15,5.0,5.0,12.0,20 , 36
 1956,Garbarnia Kraków,22,12,5.0,2.0,15.0,27 , 46
 2006-07,Zagłębie Lubin,30,62,18.0,8.0,4.0,57 , 29
 2006-07,GKS Bełchatów,30,61,19.0,4.0,7.0,63 , 32
 2006-07,Legia Warszawa,30,52,16.0,4.0,10.0,53 , 33
 2006-07,Cracovia,30,49,14.0,7.0,9.0,48 , 41
 2006-07,Dyskobolia Grodzisk W.,30,48,11.0,15.0,4.0,40 , 26
 2006-07,Lech Poznań,30,47,12.0,11.0,7.0,53 , 36
 2006-07,Korona Kielce,30,47,14.0,5.0,11.0,41 , 34
 2006-07,Wisła Kraków,30,46,10.0,16.0,4.0,41 , 25
 2006-07,ŁKS Łódź,30,41,10.0,11.0,9.0,31 , 30
 2006-07,Odra Wodzisław Śl.,30,40,10.0,10.0,10.0,29 , 36
 2006-07,Arka Gdynia,30,40,10.0,10.0,10.0,43 , 39
 2006-07,Widzew Łódź,30,28,7.0,7.0,16.0,27 , 48
 2006-07,Górnik Łęczna,30,26,7.0,5.0,18.0,24 , 64
 2006-07,Górnik Zabrze,30,25,6.0,7.0,17.0,30 , 51
 2006-07,Wisła Płock,30,23,4.0,11.0,15.0,20 , 47
 2006-07,Pogoń Szczecin,30,16,3.0,7.0,20.0,24 , 53
 1931,Garbarnia Kraków,22,30,13.0,4.0,5.0,51 , 22
 1931,Wisła Kraków,22,29,13.0,3.0,6.0,53 , 30
 1931,Legia Warszawa,22,29,14.0,1.0,7.0,57 , 34
 1931,Pogoń Lwów,22,28,11.0,6.0,5.0,47 , 33
 1931,Ruch Wielkie Hajduki,22,25,11.0,3.0,8.0,45 , 46
 1931,ŁKS Łódź,22,24,10.0,4.0,8.0,48 , 38
 1931,Warta Poznań,22,23,11.0,1.0,10.0,56 , 34
 1931,Polonia Warszawa,22,18,7.0,4.0,11.0,34 , 46
 1931,Cracovia,22,18,6.0,6.0,10.0,33 , 52
 1931,Czarni Lwów,22,16,7.0,2.0,13.0,28 , 50
 1931,Warszawianka,22,13,6.0,1.0,15.0,36 , 60
 1931,Lechia Lwów,22,11,5.0,1.0,16.0,23 , 66
 2009-10,Widzew Łódź,34,77,23.0,8.0,3.0,62 , 17
 2009-10,Górnik Zabrze,34,61,18.0,7.0,9.0,47 , 30
 2009-10,Sandecja Nowy Sącz,34,59,17.0,8.0,9.0,55 , 42
 2009-10,ŁKS Łódź,34,55,16.0,7.0,11.0,51 , 45
 2009-10,Pogoń Szczecin,33,50,13.0,11.0,9.0,45 , 34
 2009-10,MKS Kluczbork,34,46,12.0,10.0,12.0,43 , 37
 2009-10,Flota Świnoujście,34,46,12.0,10.0,12.0,33 , 36
 2009-10,KSZO Ostrowiec Św.,34,46,13.0,7.0,14.0,37 , 46
 2009-10,GKP Gorzów Wlkp.,34,45,11.0,12.0,11.0,34 , 33
 2009-10,Warta Poznań,34,44,12.0,8.0,14.0,49 , 45
 2009-10,Górnik Łęczna,34,44,11.0,11.0,12.0,38 , 45
 2009-10,Podbeskidzie Bielsko-Biała,34,44,10.0,14.0,10.0,45 , 38
 2009-10,GKS Katowice,34,43,11.0,10.0,13.0,41 , 41
 2009-10,Dolcan Ząbki,33,41,10.0,11.0,12.0,36 , 42
 2009-10,Wisła Płock,34,40,9.0,13.0,12.0,43 , 51
 2009-10,Znicz Pruszków,34,39,11.0,6.0,17.0,32 , 48
 2009-10,Stal Stalowa Wola,34,25,5.0,10.0,19.0,32 , 58
 2009-10,Motor Lublin,34,23,4.0,11.0,19.0,27 , 62
 1977-78,Wisła Kraków,30,39,13.0,13.0,4.0,35 , 23
 1977-78,Śląsk Wrocław,30,38,16.0,6.0,8.0,36 , 30
 1977-78,Lech Poznań,30,37,12.0,13.0,5.0,29 , 25
 1977-78,ŁKS Łódź,30,31,10.0,11.0,9.0,29 , 29
 1977-78,Legia Warszawa,30,31,12.0,7.0,11.0,44 , 34
 1977-78,Odra Opole,30,30,13.0,4.0,13.0,35 , 31
 1977-78,Arka Gdynia,30,30,11.0,8.0,11.0,30 , 35
 1977-78,Stal Mielec,30,29,11.0,7.0,12.0,31 , 29
 1977-78,Zagłębie Sosnowiec,30,28,10.0,8.0,12.0,33 , 33
 1977-78,Widzew Łódź,30,28,9.0,10.0,11.0,34 , 40
 1977-78,Pogoń Szczecin,30,28,11.0,6.0,13.0,36 , 42
 1977-78,Szombierki Bytom,30,27,8.0,11.0,11.0,25 , 35
 1977-78,Polonia Bytom,30,27,7.0,13.0,10.0,26 , 26
 1977-78,Ruch Chorzów,30,27,9.0,9.0,12.0,33 , 36
 1977-78,Zawisza Bydgoszcz,30,27,11.0,5.0,14.0,29 , 32
 1977-78,Górnik Zabrze,30,23,6.0,11.0,13.0,25 , 30
 1927,Wisła Kraków,26,40,19.0,2.0,5.0,95 , 32
 1927,1. FC Katowice,26,36,18.0,0.0,8.0,67 , 43
 1927,Warta Poznań,26,32,15.0,2.0,9.0,79 , 55
 1927,Pogoń Lwów,26,29,13.0,3.0,10.0,65 , 42
 1927,Legia Warszawa,26,27,12.0,3.0,11.0,70 , 65
 1927,Klub Turystów Łódź,26,27,12.0,3.0,11.0,52 , 57
 1927,ŁKS Łódź,26,25,11.0,3.0,12.0,54 , 51
 1927,Polonia Warszawa,26,25,9.0,7.0,10.0,61 , 68
 1927,Czarni Lwów,26,24,10.0,4.0,12.0,45 , 50
 1927,TKS Toruń,26,24,11.0,2.0,13.0,56 , 86
 1927,Hasmonea Lwów,26,23,8.0,7.0,11.0,55 , 78
 1927,Ruch Wielkie Hajduki,26,23,9.0,5.0,12.0,35 , 54
 1927,Warszawianka,26,18,8.0,2.0,16.0,52 , 64
 1927,Jutrzenka Kraków,26,11,3.0,5.0,18.0,41 , 82
 1993-94,Legia Warszawa,34,48,19.0,13.0,2.0,72 , 24
 1993-94,GKS Katowice,34,47,17.0,13.0,4.0,52 , 28
 1993-94,Górnik Zabrze,34,46,17.0,12.0,5.0,56 , 32
 1993-94,ŁKS Łódź,34,42,17.0,11.0,6.0,49 , 24
 1993-94,Pogoń Szczecin,34,41,11.0,19.0,4.0,39 , 24
 1993-94,Widzew Łódź,34,39,12.0,15.0,7.0,45 , 33
 1993-94,Ruch Chorzów,34,37,14.0,9.0,11.0,48 , 41
 1993-94,Hutnik Kraków,34,37,12.0,13.0,9.0,33 , 30
 1993-94,Lech Poznań,34,35,12.0,11.0,11.0,39 , 32
 1993-94,TM Miliarder Pniewy,34,33,11.0,11.0,12.0,41 , 40
 1993-94,Stal Mielec,34,31,11.0,9.0,14.0,32 , 45
 1993-94,Stal Stalowa Wola,34,30,8.0,14.0,12.0,25 , 37
 1993-94,Zagłębie Lubin,34,30,9.0,12.0,13.0,40 , 47
 1993-94,Warta Poznań,34,30,11.0,8.0,15.0,32 , 45
 1993-94,Wisła Kraków,34,22,6.0,13.0,15.0,30 , 46
 1993-94,Polonia Warszawa,34,19,4.0,11.0,19.0,28 , 61
 1993-94,Siarka Tarnobrzeg,34,19,5.0,9.0,20.0,25 , 57
 1993-94,Zawisza Bydgoszcz,34,17,4.0,9.0,21.0,30 , 70
 1970-71,Górnik Zabrze,26,39,17.0,5.0,4.0,43 , 21
 1970-71,Legia Warszawa,26,34,14.0,6.0,6.0,39 , 20
 1970-71,Zagłębie Wałbrzych,26,27,10.0,7.0,9.0,24 , 24
 1970-71,Pogoń Szczecin,26,27,9.0,9.0,8.0,23 , 32
 1970-71,Ruch Chorzów,26,25,8.0,9.0,9.0,43 , 32
 1970-71,Szombierki Bytom,26,25,9.0,7.0,10.0,30 , 32
 1970-71,Zagłębie Sosnowiec,26,25,8.0,9.0,9.0,32 , 37
 1970-71,Wisła Kraków,26,25,8.0,9.0,9.0,26 , 36
 1970-71,Stal Rzeszów,26,24,6.0,12.0,8.0,34 , 26
 1970-71,Stal Mielec,26,24,8.0,8.0,10.0,27 , 33
 1970-71,Gwardia Warszawa,26,23,8.0,7.0,11.0,24 , 28
 1970-71,Polonia Bytom,26,23,5.0,13.0,8.0,15 , 22
 1970-71,ROW Rybnik,26,22,7.0,8.0,11.0,15 , 22
 1970-71,GKS Katowice,26,21,4.0,13.0,9.0,20 , 30
 2000-01,Wisła Kraków,30,62,19.0,5.0,6.0,66 , 27
 2000-01,Pogoń Szczecin,30,53,16.0,5.0,9.0,43 , 33
 2000-01,Legia Warszawa,30,50,14.0,8.0,8.0,45 , 29
 2000-01,Polonia Warszawa,30,46,13.0,7.0,10.0,38 , 30
 2000-01,Zagłębie Lubin,30,46,14.0,4.0,12.0,43 , 40
 2000-01,Ruch Chorzów,30,44,13.0,5.0,12.0,50 , 46
 2000-01,Amica Wronki,30,44,13.0,5.0,12.0,48 , 44
 2000-01,GKS Katowice,30,42,9.0,15.0,6.0,28 , 22
 2000-01,Odra Wodzisław Śl.,30,39,10.0,9.0,11.0,39 , 46
 2000-01,Dyskobolia Grodzisk W.,30,37,9.0,10.0,11.0,35 , 38
 2000-01,Śląsk Wrocław,30,36,9.0,9.0,12.0,32 , 38
 2000-01,Widzew Łódź,30,36,9.0,9.0,12.0,33 , 40
 2000-01,Górnik Zabrze,30,34,9.0,7.0,14.0,29 , 35
 2000-01,Stomil Olsztyn,30,34,10.0,4.0,16.0,22 , 41
 2000-01,Orlen Płock,30,31,9.0,4.0,17.0,37 , 55
 2000-01,Ruch Radzionków,30,31,9.0,4.0,17.0,27 , 51
 1958,ŁKS Łódź,22,32,13.0,6.0,3.0,61 , 24
 1958,Polonia Bytom,22,31,12.0,7.0,3.0,49 , 21
 1958,Górnik Zabrze,22,27,10.0,7.0,5.0,57 , 31
 1958,Ruch Chorzów,22,27,11.0,5.0,6.0,38 , 28
 1958,Gwardia Warszawa,22,27,12.0,3.0,7.0,42 , 39
 1958,Legia Warszawa,22,20,9.0,2.0,11.0,40 , 40
 1958,Wisła Kraków,22,20,8.0,4.0,10.0,39 , 50
 1958,Lechia Gdańsk,22,19,8.0,3.0,11.0,33 , 44
 1958,Polonia Bydgoszcz,22,19,7.0,5.0,10.0,31 , 58
 1958,Cracovia,22,18,8.0,2.0,12.0,37 , 46
 1958,Budowlani Opole,22,18,7.0,4.0,11.0,23 , 36
 1958,Stal Sosnowiec,22,6,1.0,4.0,17.0,22 , 55
 1969-70,Legia Warszawa,26,40,17.0,6.0,3.0,43 , 17
 1969-70,Ruch Chorzów,26,35,12.0,11.0,3.0,42 , 20
 1969-70,Górnik Zabrze,26,35,13.0,9.0,4.0,35 , 20
 1969-70,Polonia Bytom,26,31,11.0,9.0,6.0,27 , 22
 1969-70,Zagłębie Sosnowiec,26,27,11.0,5.0,10.0,36 , 32
 1969-70,Gwardia Warszawa,26,26,9.0,8.0,9.0,26 , 23
 1969-70,GKS Katowice,26,26,8.0,10.0,8.0,19 , 18
 1969-70,Wisła Kraków,26,24,7.0,10.0,9.0,20 , 28
 1969-70,Stal Rzeszów,26,23,9.0,5.0,12.0,30 , 36
 1969-70,Szombierki Bytom,26,22,7.0,8.0,11.0,25 , 33
 1969-70,Zagłębie Wałbrzych,26,22,6.0,10.0,10.0,20 , 28
 1969-70,Pogoń Szczecin,26,21,6.0,9.0,11.0,21 , 31
 1969-70,Odra Opole,26,21,6.0,9.0,11.0,22 , 36
 1969-70,Cracovia,26,11,2.0,7.0,17.0,16 , 38
 1933,Cracovia,10,14,6.0,2.0,2.0,22,12
 1933,Ruch Wielkie Hajduki,10,14,7.0,0.0,3.0,23,13
 1933,Wisła Kraków,10,12,5.0,2.0,3.0,23,12
 1933,Garbarnia Kraków,10,12,5.0,2.0,3.0,16,18
 1933,Warta Poznań,10,6,3.0,0.0,7.0,15,16
 1933,Podgórze Kraków,10,2,1.0,0.0,9.0,7,35
 1989-90,Lech Poznań,30,42,13.0,12.0,5.0,45 , 25
 1989-90,Zagłębie Lubin,30,40,14.0,10.0,6.0,37 , 23
 1989-90,GKS Katowice,30,40,12.0,14.0,4.0,31 , 17
 1989-90,Zawisza Bydgoszcz,30,37,13.0,7.0,10.0,36 , 25
 1989-90,Olimpia Poznań,30,36,12.0,10.0,8.0,35 , 23
 1989-90,Górnik Zabrze,30,36,13.0,10.0,7.0,37 , 27
 1989-90,Legia Warszawa,30,35,10.0,16.0,4.0,27 , 18
 1989-90,ŁKS Łódź,30,34,12.0,10.0,8.0,35 , 30
 1989-90,Wisła Kraków,30,31,8.0,12.0,10.0,32 , 33
 1989-90,Śląsk Wrocław,30,27,8.0,10.0,12.0,30 , 34
 1989-90,Stal Mielec,30,26,8.0,10.0,12.0,27 , 38
 1989-90,Ruch Chorzów,30,25,8.0,9.0,13.0,31 , 36
 1989-90,Motor Lublin,30,21,6.0,13.0,11.0,18 , 35
 1989-90,Zagłębie Sosnowiec,30,20,6.0,12.0,12.0,22 , 36
 1989-90,Widzew Łódź,30,17,4.0,12.0,14.0,22 , 39
 1989-90,Jagiellonia Białystok,30,13,3.0,13.0,14.0,19 , 45
 2002-03,Wisła Kraków,30,68,21.0,5.0,4.0,75 , 28
 2002-03,Dyskobolia Grodzisk W.,30,62,18.0,8.0,4.0,56 , 26
 2002-03,GKS Katowice,30,61,19.0,4.0,7.0,39 , 21
 2002-03,Legia Warszawa,30,60,17.0,9.0,4.0,61 , 29
 2002-03,Odra Wodzisław Śl.,30,56,17.0,5.0,8.0,55 , 42
 2002-03,Amica Wronki,30,43,11.0,10.0,9.0,43 , 34
 2002-03,Górnik Zabrze,30,41,10.0,11.0,9.0,46 , 32
 2002-03,Polonia Warszawa,30,41,11.0,8.0,11.0,37 , 45
 2002-03,Widzew Łódź,30,37,10.0,7.0,13.0,29 , 39
 2002-03,Wisła Płock,30,37,10.0,7.0,13.0,29 , 38
 2002-03,Lech Poznań,30,35,8.0,11.0,11.0,41 , 38
 2002-03,Zagłębie Lubin,30,32,8.0,8.0,14.0,34 , 44
 2002-03,Szczakowianka Jaworzno,30,32,8.0,8.0,14.0,40 , 54
 2002-03,Ruch Chorzów,30,32,7.0,11.0,12.0,29 , 39
 2002-03,KSZO Ostrowiec Św.,30,15,4.0,3.0,23.0,21 , 63
 2002-03,Pogoń Szczecin,30,9,2.0,3.0,25.0,14 , 77
 1982-83,Lech Poznań,30,39,17.0,5.0,8.0,42 , 31
 1982-83,Widzew Łódź,30,38,13.0,12.0,5.0,50 , 30
 1982-83,Ruch Chorzów,30,35,11.0,13.0,6.0,34 , 22
 1982-83,Pogoń Szczecin,30,33,12.0,9.0,9.0,44 , 28
 1982-83,Wisła Kraków,30,32,13.0,6.0,11.0,44 , 36
 1982-83,Śląsk Wrocław,30,30,12.0,6.0,12.0,35 , 34
 1982-83,ŁKS Łódź,30,30,10.0,10.0,10.0,36 , 38
 1982-83,Legia Warszawa,30,29,11.0,7.0,12.0,43 , 39
 1982-83,Szombierki Bytom,30,29,8.0,13.0,9.0,34 , 37
 1982-83,Bałtyk Gdynia,30,29,9.0,11.0,10.0,28 , 31
 1982-83,Zagłębie Sosnowiec,30,29,10.0,9.0,11.0,29 , 37
 1982-83,Górnik Zabrze,30,28,10.0,8.0,12.0,30 , 38
 1982-83,GKS Katowice,30,27,10.0,7.0,13.0,28 , 34
 1982-83,Cracovia,30,27,6.0,15.0,9.0,20 , 33
 1982-83,Stal Mielec,30,24,7.0,10.0,13.0,27 , 36
 1982-83,Gwardia Warszawa,30,21,7.0,7.0,16.0,26 , 46
 1955,CWKS Warszawa,22,28,12.0,4.0,6.0,48 , 21
 1955,Stal Sosnowiec,22,27,10.0,7.0,5.0,30 , 16
 1955,Ruch Chorzów,22,25,7.0,11.0,4.0,34 , 25
 1955,Gwardia Warszawa,22,25,11.0,3.0,8.0,38 , 30
 1955,Lechia Gdańsk,22,23,8.0,7.0,7.0,19 , 15
 1955,Garbarnia Kraków,22,23,9.0,5.0,8.0,25 , 21
 1955,Wisła Kraków,22,22,10.0,2.0,10.0,26 , 29
 1955,ŁKS Włókniarz Łódź,22,21,8.0,5.0,9.0,27 , 37
 1955,Kolejarz Poznań,22,19,7.0,5.0,10.0,24 , 35
 1955,Gwardia Bydgoszcz,22,18,6.0,6.0,10.0,18 , 26
 1955,Sparta Bytom,22,17,5.0,7.0,10.0,23 , 36
 1955,Górnik Radlin,22,16,5.0,6.0,11.0,20 , 41
 1963-64,Górnik Zabrze,26,40,17.0,6.0,3.0,59 , 24
 1963-64,Zagłębie Sosnowiec,26,31,13.0,5.0,8.0,55 , 41
 1963-64,Odra Opole,26,31,12.0,7.0,7.0,42 , 31
 1963-64,Legia Warszawa,26,31,13.0,5.0,8.0,44 , 36
 1963-64,Polonia Bytom,26,27,11.0,5.0,10.0,40 , 35
 1963-64,Szombierki Bytom,26,26,10.0,6.0,10.0,45 , 42
 1963-64,Ruch Chorzów,26,24,8.0,8.0,10.0,34 , 38
 1963-64,Unia Racibórz,26,24,8.0,8.0,10.0,45 , 51
 1963-64,Gwardia Warszawa,26,24,8.0,8.0,10.0,35 , 41
 1963-64,ŁKS Łódź,26,23,9.0,5.0,12.0,27 , 37
 1963-64,Stal Rzeszów,26,23,8.0,7.0,11.0,32 , 44
 1963-64,Pogoń Szczecin,26,21,7.0,7.0,12.0,29 , 36
 1963-64,Wisła Kraków,26,21,6.0,9.0,11.0,29 , 45
 1963-64,Arkonia Szczecin,26,18,5.0,8.0,13.0,30 , 45
 2017-18,Odra Opole,1,3,1.0,,,3 , 0
 2017-18,Bytovia Bytów,1,3,1.0,,,3 , 1
 2017-18,Puszcza Niepołomice,1,3,1.0,,,2 , 0
 2017-18,GKS Tychy,1,3,1.0,,,2 , 1
 2017-18,Pogoń Siedlce,1,3,1.0,,,2 , 1
 2017-18,Stal Mielec,1,3,1.0,,,1 , 0
 2017-18,Olimpia Grudziądz,1,3,1.0,,,1 , 0
 2017-18,Chrobry Głogów,1,1,,1.0,,1 , 1
 2017-18,Podbeskidzie Bielsko-Biała,1,1,,1.0,,1 , 1
 2017-18,Raków Częstochowa,1,1,,1.0,,0 , 0
 2017-18,Miedź Legnica,1,1,,1.0,,0 , 0
 2017-18,GKS Katowice,1,0,,,1.0,1 , 2
 2017-18,Wigry Suwałki,1,0,,,1.0,1 , 2
 2017-18,Zagłębie Sosnowiec,1,0,,,1.0,0 , 1
 2017-18,Stomil Olsztyn,1,0,,,1.0,1 , 3
 2017-18,Chojniczanka Chojnice,1,0,,,1.0,0 , 2
 2017-18,Górnik Łęczna,1,0,,,1.0,0 , 3
 2017-18,Ruch Chorzów,1,-5,,,1.0,0 , 1
 1953,Unia Chorzów,22,38,17.0,4.0,1.0,51 , 14
 1953,OWKS Kraków,22,28,11.0,6.0,5.0,39 , 25
 1953,Gwardia Kraków,22,27,12.0,3.0,7.0,35 , 29
 1953,Gwardia Warszawa,22,26,11.0,4.0,7.0,27 , 27
 1953,CWKS Warszawa,22,23,8.0,7.0,7.0,37 , 31
 1953,Ogniwo Bytom,22,23,10.0,3.0,9.0,33 , 28
 1953,Kolejarz Poznań,22,18,4.0,10.0,8.0,22 , 29
 1953,Górnik Radlin,22,18,6.0,6.0,10.0,27 , 38
 1953,Budowlani Chorzów,22,18,7.0,4.0,11.0,31 , 46
 1953,Ogniwo Kraków,22,17,7.0,3.0,12.0,23 , 30
 1953,Budowlani Opole,22,16,4.0,8.0,10.0,25 , 38
 1953,Budowlani Gdańsk,22,12,2.0,8.0,12.0,20 , 35
 1952,Unia Chorzów,10,12,5.0,2.0,3.0,19 , 14
 1952,Ogniwo Kraków,10,11,4.0,3.0,3.0,13 , 11
 1952,Kolejarz Poznań,10,10,4.0,2.0,4.0,17 , 15
 1952,Budowlani Gdańsk,10,10,4.0,2.0,4.0,16 , 21
 1952,Budowlani Chorzów,10,9,4.0,1.0,5.0,12 , 13
 1952,Kolejarz Warszawa,10,8,3.0,2.0,5.0,16 , 19
 1967-68,Ruch Chorzów,26,38,14.0,10.0,2.0,56 , 26
 1967-68,Legia Warszawa,26,35,13.0,9.0,4.0,36 , 15
 1967-68,Górnik Zabrze,26,33,13.0,7.0,6.0,52 , 27
 1967-68,Polonia Bytom,26,26,9.0,8.0,9.0,31 , 31
 1967-68,Zagłębie Sosnowiec,26,26,10.0,6.0,10.0,28 , 29
 1967-68,Pogoń Szczecin,26,26,10.0,6.0,10.0,23 , 28
 1967-68,Śląsk Wrocław,26,25,8.0,9.0,9.0,22 , 22
 1967-68,GKS Katowice,26,25,8.0,9.0,9.0,29 , 34
 1967-68,Szombierki Bytom,26,23,10.0,3.0,13.0,37 , 40
 1967-68,Odra Opole,26,23,7.0,9.0,10.0,20 , 33
 1967-68,Stal Rzeszów,26,23,8.0,7.0,11.0,24 , 39
 1967-68,Wisła Kraków,26,21,5.0,11.0,10.0,18 , 24
 1967-68,ŁKS Łódź,26,21,7.0,7.0,12.0,22 , 38
 1967-68,Gwardia Warszawa,26,19,7.0,5.0,14.0,32 , 44
 1974-75,Ruch Chorzów,30,44,20.0,4.0,6.0,61 , 27
 1974-75,Stal Mielec,30,38,15.0,8.0,7.0,40 , 24
 1974-75,Śląsk Wrocław,30,36,13.0,10.0,7.0,40 , 31
 1974-75,Wisła Kraków,30,34,12.0,10.0,8.0,40 , 31
 1974-75,Zagłębie Sosnowiec,30,31,11.0,9.0,10.0,31 , 31
 1974-75,Legia Warszawa,30,29,9.0,11.0,10.0,45 , 35
 1974-75,Górnik Zabrze,30,29,7.0,15.0,8.0,48 , 46
 1974-75,Polonia Bytom,30,28,6.0,16.0,8.0,25 , 31
 1974-75,Lech Poznań,30,28,10.0,8.0,12.0,31 , 43
 1974-75,GKS Tychy,30,27,8.0,11.0,11.0,34 , 38
 1974-75,Szombierki Bytom,30,26,7.0,12.0,11.0,43 , 45
 1974-75,Pogoń Szczecin,30,26,9.0,8.0,13.0,30 , 35
 1974-75,ŁKS Łódź,30,26,7.0,12.0,11.0,26 , 34
 1974-75,ROW Rybnik,30,26,7.0,12.0,11.0,24 , 35
 1974-75,Gwardia Warszawa,30,26,8.0,10.0,12.0,25 , 38
 1974-75,Arka Gdynia,30,26,8.0,10.0,12.0,26 , 45
 1991-92,Lech Poznań,34,49,19.0,11.0,4.0,66 , 38
 1991-92,GKS Katowice,34,44,16.0,12.0,6.0,51 , 29
 1991-92,Widzew Łódź,34,43,17.0,9.0,8.0,48 , 28
 1991-92,Górnik Zabrze,34,43,14.0,15.0,5.0,43 , 26
 1991-92,Ruch Chorzów,34,39,13.0,13.0,8.0,43 , 38
 1991-92,Śląsk Wrocław,34,38,15.0,8.0,11.0,42 , 35
 1991-92,Wisła Kraków,34,34,10.0,14.0,10.0,39 , 35
 1991-92,Zawisza Bydgoszcz,34,34,11.0,12.0,11.0,43 , 42
 1991-92,Zagłębie Lubin,34,34,12.0,10.0,12.0,30 , 31
 1991-92,Legia Warszawa,34,33,11.0,11.0,12.0,34 , 33
 1991-92,ŁKS Łódź,34,33,9.0,15.0,10.0,26 , 29
 1991-92,Hutnik Kraków,34,32,9.0,14.0,11.0,54 , 46
 1991-92,Stal Mielec,34,32,8.0,16.0,10.0,27 , 28
 1991-92,Olimpia Poznań,34,31,8.0,15.0,11.0,34 , 41
 1991-92,Motor Lublin,34,30,9.0,12.0,13.0,33 , 40
 1991-92,Stal Stalowa Wola,34,28,8.0,12.0,14.0,23 , 33
 1991-92,Zagłębie Sosnowiec,34,24,6.0,12.0,16.0,28 , 50
 1991-92,Igloopol Dębica,34,11,2.0,7.0,25.0,14 , 76
 1995-96,Widzew Łódź,34,88,27.0,7.0,0.0,84 , 22
 1995-96,Legia Warszawa,34,85,27.0,4.0,3.0,95 , 22
 1995-96,Hutnik Kraków,34,52,15.0,7.0,12.0,48 , 43
 1995-96,ŁKS Łódź,34,49,13.0,10.0,11.0,44 , 38
 1995-96,Amica Wronki,34,48,13.0,9.0,12.0,35 , 37
 1995-96,Stomil Olsztyn,34,46,13.0,7.0,14.0,32 , 41
 1995-96,Lech Poznań,34,45,11.0,12.0,11.0,45 , 40
 1995-96,Raków Częstochowa,34,44,12.0,8.0,14.0,33 , 36
 1995-96,Sokół Tychy,34,44,11.0,11.0,12.0,36 , 40
 1995-96,Zagłębie Lubin,34,44,11.0,11.0,12.0,34 , 35
 1995-96,GKS Katowice,34,43,11.0,10.0,13.0,36 , 37
 1995-96,Górnik Zabrze,34,43,10.0,13.0,11.0,45 , 52
 1995-96,GKS Bełchatów,34,42,12.0,6.0,16.0,40 , 54
 1995-96,Śląsk Wrocław,34,42,9.0,15.0,10.0,39 , 41
 1995-96,Pogoń Szczecin,34,42,11.0,9.0,14.0,33 , 41
 1995-96,Lechia/Olimpia Gdańsk,34,40,11.0,7.0,16.0,39 , 59
 1995-96,Stal Mielec,34,28,8.0,4.0,22.0,33 , 67
 1995-96,Siarka Tarnobrzeg,34,15,3.0,6.0,25.0,24 , 70
 1996-97,Widzew Łódź,34,81,25.0,6.0,3.0,74 , 21
 1996-97,Legia Warszawa,34,77,24.0,5.0,5.0,66 , 27
 1996-97,Odra Wodzisław Śl.,34,55,16.0,7.0,11.0,51 , 44
 1996-97,GKS Katowice,34,53,14.0,11.0,9.0,47 , 40
 1996-97,Amica Wronki,34,52,14.0,10.0,10.0,41 , 40
 1996-97,ŁKS Łódź,34,49,13.0,10.0,11.0,55 , 45
 1996-97,Zagłębie Lubin,34,49,13.0,10.0,11.0,44 , 38
 1996-97,Polonia Warszawa,34,48,13.0,9.0,12.0,40 , 44
 1996-97,Stomil Olsztyn,34,44,12.0,8.0,14.0,45 , 46
 1996-97,Raków Częstochowa,34,44,11.0,11.0,12.0,35 , 39
 1996-97,Lech Poznań,34,44,11.0,11.0,12.0,40 , 40
 1996-97,Wisła Kraków,34,42,11.0,9.0,14.0,33 , 42
 1996-97,Górnik Zabrze,34,41,11.0,8.0,15.0,40 , 45
 1996-97,Ruch Chorzów,34,40,9.0,13.0,12.0,41 , 41
 1996-97,GKS Bełchatów,34,40,11.0,7.0,16.0,36 , 43
 1996-97,Hutnik Kraków,34,35,8.0,11.0,15.0,34 , 46
 1996-97,Śląsk Wrocław,34,24,6.0,6.0,22.0,24 , 56
 1996-97,Sokół Tychy,34,21,5.0,6.0,23.0,18 , 67
 1987-88,Górnik Zabrze,30,51,19.0,7.0,4.0,65 , 30
 1987-88,GKS Katowice,30,40,14.0,9.0,7.0,40 , 23
 1987-88,Legia Warszawa,30,39,15.0,8.0,7.0,39 , 27
 1987-88,ŁKS Łódź,30,39,16.0,5.0,9.0,40 , 29
 1987-88,Widzew Łódź,30,31,8.0,15.0,7.0,28 , 24
 1987-88,Śląsk Wrocław,30,29,9.0,11.0,10.0,31 , 32
 1987-88,Szombierki Bytom,30,29,10.0,10.0,10.0,28 , 29
 1987-88,Jagiellonia Białystok,30,29,11.0,7.0,12.0,24 , 25
 1987-88,Lech Poznań,30,28,10.0,9.0,11.0,29 , 30
 1987-88,Pogoń Szczecin,30,28,12.0,5.0,13.0,32 , 36
 1987-88,Zagłębie Lubin,30,26,8.0,11.0,11.0,23 , 25
 1987-88,Lechia Gdańsk,30,26,6.0,14.0,10.0,18 , 26
 1987-88,Olimpia Poznań,30,24,7.0,11.0,12.0,36 , 46
 1987-88,Górnik Wałbrzych,30,24,6.0,11.0,13.0,24 , 36
 1987-88,Bałtyk Gdynia,30,21,9.0,6.0,15.0,27 , 41
 1987-88,Stal Stalowa Wola,30,16,6.0,9.0,15.0,31 , 56
 2005-06,Legia Warszawa,30,66,20.0,6.0,4.0,47 , 17
 2005-06,Wisła Kraków,30,64,19.0,7.0,4.0,50 , 20
 2005-06,Zagłębie Lubin,30,49,14.0,7.0,9.0,45 , 32
 2005-06,Amica Wronki,30,49,14.0,7.0,9.0,50 , 28
 2005-06,Korona Kielce,30,47,12.0,11.0,7.0,46 , 33
 2005-06,Lech Poznań,30,42,11.0,9.0,10.0,45 , 45
 2005-06,Odra Wodzisław Śl.,30,40,10.0,10.0,10.0,23 , 27
 2005-06,Dyskobolia Grodzisk W.,30,37,10.0,7.0,13.0,37 , 45
 2005-06,Cracovia,30,37,10.0,7.0,13.0,32 , 44
 2005-06,GKS Bełchatów,30,37,9.0,10.0,11.0,30 , 32
 2005-06,Pogoń Szczecin,30,37,9.0,10.0,11.0,29 , 34
 2005-06,Wisła Płock,30,34,10.0,4.0,16.0,30 , 45
 2005-06,Górnik Łęczna,30,33,7.0,12.0,11.0,23 , 31
 2005-06,Górnik Zabrze,30,29,8.0,5.0,17.0,29 , 46
 2005-06,Arka Gdynia,30,27,4.0,15.0,11.0,21 , 33
 2005-06,Polonia Warszawa,30,25,6.0,7.0,17.0,20 , 45
 2007-08,Wisła Kraków,30,77,24.0,5.0,1.0,68 , 18
 2007-08,Legia Warszawa,30,63,20.0,3.0,7.0,48 , 17
 2007-08,Dyskobolia Grodzisk W.,30,60,18.0,6.0,6.0,52 , 24
 2007-08,Lech Poznań,30,57,17.0,6.0,7.0,55 , 32
 2007-08,Zagłębie Lubin,30,52,15.0,7.0,8.0,43 , 30
 2007-08,Korona Kielce,30,51,15.0,6.0,9.0,38 , 32
 2007-08,Cracovia,30,39,11.0,6.0,13.0,30 , 32
 2007-08,Górnik Zabrze,30,39,11.0,6.0,13.0,34 , 39
 2007-08,GKS Bełchatów,30,38,9.0,11.0,10.0,26 , 32
 2007-08,Ruch Chorzów,30,34,8.0,10.0,12.0,35 , 41
 2007-08,ŁKS Łódź,30,30,7.0,9.0,14.0,25 , 31
 2007-08,Odra Wodzisław Śl.,30,29,8.0,5.0,17.0,28 , 47
 2007-08,Polonia Bytom,30,28,7.0,7.0,16.0,22 , 45
 2007-08,Jagiellonia Białystok,30,27,7.0,6.0,17.0,27 , 57
 2007-08,Widzew Łódź,30,26,5.0,11.0,14.0,27 , 42
 2007-08,Zagłębie Sosnowiec,30,16,4.0,4.0,22.0,19 , 58
 1960,Ruch Chorzów,22,30,12.0,6.0,4.0,41 , 29
 1960,Legia Warszawa,22,29,12.0,5.0,5.0,40 , 26
 1960,Górnik Zabrze,22,28,12.0,4.0,6.0,52 , 32
 1960,Odra Opole,22,27,10.0,7.0,5.0,43 , 28
 1960,Polonia Bydgoszcz,22,22,9.0,4.0,9.0,30 , 43
 1960,Polonia Bytom,22,21,7.0,7.0,8.0,42 , 36
 1960,Stal Sosnowiec,22,21,9.0,3.0,10.0,30 , 27
 1960,Wisła Kraków,22,20,7.0,6.0,9.0,29 , 38
 1960,Lechia Gdańsk,22,18,7.0,4.0,11.0,29 , 35
 1960,ŁKS Łódź,22,18,5.0,8.0,9.0,28 , 36
 1960,Gwardia Warszawa,22,17,6.0,5.0,11.0,31 , 37
 1960,Pogoń Szczecin,22,13,3.0,7.0,12.0,25 , 53
 1984-85,Górnik Zabrze,30,42,16.0,10.0,4.0,38 , 16
 1984-85,Legia Warszawa,30,41,17.0,7.0,6.0,36 , 19
 1984-85,Widzew Łódź,30,38,13.0,12.0,5.0,34 , 16
 1984-85,Lech Poznań,30,38,14.0,10.0,6.0,41 , 31
 1984-85,Zagłębie Sosnowiec,30,31,11.0,9.0,10.0,37 , 38
 1984-85,ŁKS Łódź,30,30,11.0,8.0,11.0,31 , 32
 1984-85,Ruch Chorzów,30,29,10.0,9.0,11.0,28 , 28
 1984-85,Górnik Wałbrzych,30,29,8.0,13.0,9.0,32 , 35
 1984-85,Motor Lublin,30,27,9.0,9.0,12.0,30 , 36
 1984-85,GKS Katowice,30,26,7.0,12.0,11.0,22 , 28
 1984-85,Pogoń Szczecin,30,26,9.0,8.0,13.0,29 , 36
 1984-85,Lechia Gdańsk,30,26,8.0,10.0,12.0,23 , 34
 1984-85,Bałtyk Gdynia,30,26,9.0,8.0,13.0,22 , 35
 1984-85,Śląsk Wrocław,30,25,8.0,9.0,13.0,34 , 36
 1984-85,Radomiak Radom,30,25,8.0,9.0,13.0,29 , 32
 1984-85,Wisła Kraków,30,21,7.0,7.0,16.0,19 , 33
 1950,Gwardia Kraków,22,33,16.0,1.0,5.0,51 , 17
 1950,Unia Chorzów,22,32,14.0,4.0,4.0,50 , 24
 1950,Kolejarz Poznań,22,26,11.0,4.0,7.0,52 , 37
 1950,Ogniwo Kraków,22,23,9.0,5.0,8.0,32 , 29
 1950,Górnik Radlin,22,23,10.0,3.0,9.0,33 , 31
 1950,Związkowiec Kraków,22,23,9.0,5.0,8.0,38 , 39
 1950,Kolejarz Warszawa,22,21,8.0,5.0,9.0,40 , 46
 1950,Budowlani Chorzów,22,19,6.0,7.0,9.0,32 , 29
 1950,ŁKS Włókniarz Łódź,22,19,8.0,3.0,11.0,36 , 46
 1950,CWKS Warszawa,22,18,7.0,4.0,11.0,38 , 40
 1950,Górnik Bytom,22,18,7.0,4.0,11.0,33 , 64
 1950,Związkowiec Poznań,22,9,2.0,5.0,15.0,18 , 51
 2014-15,Zagłębie Lubin,34,77,23.0,8.0,3.0,57 , 20
 2014-15,Termalica Bruk-Bet Nieciecza,34,73,22.0,7.0,5.0,60 , 26
 2014-15,Wisła Płock,34,69,20.0,9.0,5.0,50 , 25
 2014-15,Olimpia Grudziądz,34,53,15.0,8.0,11.0,46 , 37
 2014-15,Chojniczanka Chojnice,34,50,13.0,11.0,10.0,50 , 37
 2014-15,Dolcan Ząbki,34,50,12.0,14.0,8.0,43 , 39
 2014-15,Stomil Olsztyn,34,49,12.0,13.0,9.0,47 , 47
 2014-15,GKS Katowice,34,48,14.0,6.0,14.0,44 , 41
 2014-15,Wigry Suwałki,34,47,12.0,11.0,11.0,36 , 37
 2014-15,Arka Gdynia,34,43,10.0,13.0,11.0,38 , 39
 2014-15,Chrobry Głogów,34,41,10.0,11.0,13.0,41 , 45
 2014-15,Miedź Legnica,34,40,11.0,7.0,16.0,44 , 45
 2014-15,Bytovia Bytów,34,40,10.0,10.0,14.0,39 , 45
 2014-15,Sandecja Nowy Sącz,34,35,9.0,8.0,17.0,40 , 55
 2014-15,Pogoń Siedlce,34,30,7.0,9.0,18.0,34 , 53
 2014-15,GKS Tychy,34,28,6.0,10.0,18.0,31 , 56
 2014-15,Widzew Łódź,34,22,4.0,10.0,20.0,25 , 58
 2014-15,Flota Świnoujście,34,36,9.0,9.0,16.0,26 , 46
 1951,Gwardia Kraków,22,32,13.0,6.0,3.0,43 , 13
 1951,Górnik Radlin,22,29,12.0,5.0,5.0,41 , 28
 1951,CWKS Warszawa,22,27,12.0,3.0,7.0,37 , 31
 1951,Budowlani Chorzów,22,25,12.0,1.0,9.0,34 , 23
 1951,Ogniwo Kraków,22,25,10.0,5.0,7.0,33 , 31
 1951,Unia Chorzów,22,24,11.0,2.0,9.0,46 , 35
 1951,Kolejarz Warszawa,22,23,10.0,3.0,9.0,33 , 28
 1951,Kolejarz Poznań,22,23,10.0,3.0,9.0,35 , 37
 1951,ŁKS Włókniarz Łódź,22,18,7.0,4.0,11.0,22 , 32
 1951,Ogniwo Bytom,22,16,5.0,6.0,11.0,16 , 26
 1951,Związkowiec Kraków,22,15,4.0,7.0,11.0,30 , 42
 1951,Gwardia Szczecin,22,7,1.0,5.0,16.0,17 , 61
 1997-98,ŁKS Łódź,34,66,19.0,9.0,6.0,52 , 23
 1997-98,Polonia Warszawa,34,63,18.0,9.0,7.0,46 , 30
 1997-98,Wisła Kraków,34,61,18.0,7.0,9.0,50 , 30
 1997-98,Widzew Łódź,34,61,18.0,7.0,9.0,53 , 34
 1997-98,Legia Warszawa,34,59,16.0,11.0,7.0,50 , 32
 1997-98,Ruch Chorzów,34,55,15.0,10.0,9.0,48 , 39
 1997-98,Amica Wronki,34,50,13.0,11.0,10.0,38 , 31
 1997-98,Górnik Zabrze,34,48,12.0,12.0,10.0,48 , 42
 1997-98,Odra Wodzisław Śl.,34,48,14.0,6.0,14.0,51 , 50
 1997-98,Lech Poznań,34,46,12.0,10.0,12.0,41 , 37
 1997-98,Stomil Olsztyn,34,45,12.0,9.0,13.0,38 , 45
 1997-98,GKS Katowice,34,43,10.0,13.0,11.0,37 , 33
 1997-98,Zagłębie Lubin,34,43,12.0,7.0,15.0,39 , 40
 1997-98,Pogoń Szczecin,34,43,10.0,13.0,11.0,36 , 40
 1997-98,Petrochemia Płock,34,38,10.0,8.0,16.0,28 , 54
 1997-98,Dyskobolia Grodzisk W.,34,29,8.0,5.0,21.0,30 , 55
 1997-98,KSZO Ostrowiec Św.,34,24,6.0,6.0,22.0,24 , 47
 1997-98,Raków Częstochowa,34,17,4.0,5.0,25.0,21 , 68
 1957,Górnik Zabrze,22,33,15.0,3.0,4.0,58 , 24
 1957,Gwardia Warszawa,22,32,15.0,2.0,5.0,53 , 26
 1957,ŁKS Łódź,22,29,12.0,5.0,5.0,53 , 28
 1957,Legia Warszawa,22,26,11.0,4.0,7.0,62 , 33
 1957,Lechia Gdańsk,22,22,8.0,6.0,8.0,25 , 29
 1957,Polonia Bytom,22,21,7.0,7.0,8.0,30 , 31
 1957,Stal Sosnowiec,22,20,5.0,10.0,7.0,28 , 45
 1957,Ruch Chorzów,22,19,7.0,5.0,10.0,35 , 46
 1957,Wisła Kraków,22,18,6.0,6.0,10.0,35 , 44
 1957,Budowlani Opole,22,18,8.0,2.0,12.0,27 , 48
 1957,Górnik Radlin,22,14,4.0,6.0,12.0,23 , 54
 1957,Lech Poznań,22,12,5.0,2.0,15.0,25 , 46
 1954,Ogniwo Bytom,20,24,9.0,6.0,5.0,36 , 22
 1954,ŁKS Włókniarz Łódź,20,24,9.0,6.0,5.0,30 , 20
 1954,Unia Chorzów,20,24,10.0,4.0,6.0,24 , 18
 1954,Gwardia Warszawa,20,22,9.0,4.0,7.0,24 , 26
 1954,Kolejarz Poznań,20,21,9.0,3.0,8.0,14 , 18
 1954,Górnik Radlin,20,20,8.0,4.0,8.0,23 , 24
 1954,CWKS Warszawa,20,19,7.0,5.0,8.0,27 , 29
 1954,Gwardia Kraków,20,18,7.0,4.0,9.0,19 , 20
 1954,Gwardia Bydgoszcz,20,16,6.0,4.0,10.0,18 , 22
 1954,Budowlani Chorzów,20,16,5.0,6.0,9.0,28 , 37
 1954,Ogniwo Kraków,20,16,5.0,6.0,9.0,21 , 28
 1979-80,Szombierki Bytom,30,39,16.0,7.0,7.0,42 , 26
 1979-80,Widzew Łódź,30,36,13.0,10.0,7.0,47 , 39
 1979-80,Legia Warszawa,30,36,14.0,8.0,8.0,38 , 31
 1979-80,Śląsk Wrocław,30,36,15.0,6.0,9.0,40 , 34
 1979-80,Wisła Kraków,30,34,15.0,4.0,11.0,58 , 37
 1979-80,Górnik Zabrze,30,32,10.0,12.0,8.0,36 , 38
 1979-80,ŁKS Łódź,30,32,11.0,10.0,9.0,38 , 40
 1979-80,Arka Gdynia,30,31,13.0,5.0,12.0,35 , 32
 1979-80,Odra Opole,30,31,10.0,11.0,9.0,21 , 26
 1979-80,Lech Poznań,30,30,12.0,6.0,12.0,34 , 32
 1979-80,Ruch Chorzów,30,29,11.0,7.0,12.0,44 , 42
 1979-80,Zagłębie Sosnowiec,30,27,10.0,7.0,13.0,36 , 33
 1979-80,Stal Mielec,30,26,7.0,12.0,11.0,28 , 34
 1979-80,Zawisza Bydgoszcz,30,24,8.0,8.0,14.0,35 , 52
 1979-80,GKS Katowice,30,21,7.0,7.0,16.0,32 , 44
 1979-80,Polonia Bytom,30,16,3.0,10.0,17.0,23 , 47
 1961,Górnik Zabrze,26,43,19.0,5.0,2.0,73 , 18
 1961,Polonia Bytom,26,35,14.0,7.0,5.0,53 , 29
 1961,Legia Warszawa,26,32,13.0,6.0,7.0,51 , 35
 1961,Wisła Kraków,26,32,12.0,8.0,6.0,42 , 35
 1961,Ruch Chorzów,26,31,12.0,7.0,7.0,48 , 42
 1961,Odra Opole,26,28,9.0,10.0,7.0,51 , 35
 1961,Stal Sosnowiec,26,24,6.0,12.0,8.0,35 , 38
 1961,Lechia Gdańsk,26,24,9.0,6.0,11.0,27 , 35
 1961,ŁKS Łódź,26,22,8.0,6.0,12.0,32 , 39
 1961,Lech Poznań,26,22,8.0,6.0,12.0,27 , 40
 1961,Cracovia,26,21,9.0,3.0,14.0,41 , 44
 1961,Stal Mielec,26,21,8.0,5.0,13.0,34 , 45
 1961,Polonia Bydgoszcz,26,19,8.0,3.0,15.0,36 , 69
 1961,Zawisza Bydgoszcz,26,10,3.0,4.0,19.0,18 , 64
 1999-00,Polonia Warszawa,30,65,20.0,5.0,5.0,57 , 25
 1999-00,Wisła Kraków,30,56,16.0,8.0,6.0,64 , 38
 1999-00,Ruch Chorzów,30,55,15.0,10.0,5.0,53 , 32
 1999-00,Legia Warszawa,30,52,14.0,10.0,6.0,53 , 34
 1999-00,Zagłębie Lubin,30,45,12.0,9.0,9.0,42 , 37
 1999-00,Amica Wronki,30,44,11.0,11.0,8.0,43 , 37
 1999-00,Widzew Łódź,30,40,11.0,7.0,12.0,48 , 54
 1999-00,Stomil Olsztyn,30,37,8.0,13.0,9.0,33 , 43
 1999-00,Odra Wodzisław Śl.,30,37,10.0,7.0,13.0,34 , 38
 1999-00,Ruch Radzionków,30,37,11.0,4.0,15.0,38 , 49
 1999-00,Dyskobolia Grodzisk W.,30,36,11.0,3.0,16.0,29 , 46
 1999-00,Petro Płock,30,34,9.0,7.0,14.0,35 , 49
 1999-00,Pogoń Szczecin,30,34,8.0,10.0,12.0,42 , 53
 1999-00,Górnik Zabrze,30,32,8.0,8.0,14.0,42 , 41
 1999-00,ŁKS Łódź,30,28,7.0,7.0,16.0,28 , 42
 1999-00,Lech Poznań,30,25,6.0,7.0,17.0,34 , 57
 1972-73,Stal Mielec,26,36,13.0,10.0,3.0,47 , 21
 1972-73,Ruch Chorzów,26,33,13.0,7.0,6.0,29 , 16
 1972-73,Gwardia Warszawa,26,30,8.0,14.0,4.0,31 , 22
 1972-73,Górnik Zabrze,26,30,10.0,10.0,6.0,23 , 15
 1972-73,Wisła Kraków,26,30,13.0,4.0,9.0,31 , 28
 1972-73,ŁKS Łódź,26,29,9.0,11.0,6.0,26 , 26
 1972-73,ROW Rybnik,26,26,8.0,10.0,8.0,20 , 21
 1972-73,Legia Warszawa,26,23,6.0,11.0,9.0,29 , 28
 1972-73,Pogoń Szczecin,26,23,8.0,7.0,11.0,28 , 30
 1972-73,Zagłębie Sosnowiec,26,22,8.0,6.0,12.0,30 , 31
 1972-73,Zagłębie Wałbrzych,26,22,8.0,6.0,12.0,22 , 31
 1972-73,Lech Poznań,26,22,6.0,10.0,10.0,16 , 26
 1972-73,Polonia Bytom,26,20,7.0,6.0,13.0,20 , 42
 1972-73,Odra Opole,26,18,3.0,12.0,11.0,21 , 36
 1937,Cracovia,18,26,10.0,6.0,2.0,43 , 16
 1937,AKS Chorzów,18,24,10.0,4.0,4.0,37 , 22
 1937,Ruch Wielkie Hajduki,18,23,9.0,5.0,4.0,46 , 29
 1937,Warta Poznań,18,20,8.0,4.0,6.0,40 , 36
 1937,Wisła Kraków,18,19,8.0,3.0,7.0,36 , 23
 1937,Pogoń Lwów,18,19,8.0,3.0,7.0,25 , 23
 1937,Warszawianka,18,18,8.0,2.0,8.0,34 , 44
 1937,ŁKS Łódź,18,16,7.0,2.0,9.0,36 , 39
 1937,Garbarnia Kraków,18,15,5.0,5.0,8.0,28 , 39
 1937,Dąb Katowice,18,0,0.0,0.0,18.0,0 , 54
 2003-04,Wisła Kraków,26,65,21.0,2.0,3.0,73 , 30
 2003-04,Legia Warszawa,26,60,18.0,6.0,2.0,56 , 19
 2003-04,Amica Wronki,26,48,14.0,6.0,6.0,47 , 25
 2003-04,Dyskobolia Grodzisk W.,26,46,13.0,7.0,6.0,59 , 31
 2003-04,Wisła Płock,26,38,10.0,8.0,8.0,41 , 39
 2003-04,Lech Poznań,26,37,10.0,7.0,9.0,43 , 34
 2003-04,Górnik Zabrze,26,33,8.0,9.0,9.0,26 , 33
 2003-04,Górnik Łęczna,26,33,10.0,3.0,13.0,22 , 38
 2003-04,Odra Wodzisław Śl.,26,28,8.0,4.0,14.0,27 , 40
 2003-04,GKS Katowice,26,26,6.0,8.0,12.0,20 , 42
 2003-04,Polonia Warszawa,26,25,6.0,7.0,13.0,25 , 40
 2003-04,Górnik Polkowice,26,23,6.0,5.0,15.0,17 , 37
 2003-04,Świt Nowy Dwór Maz.,26,22,5.0,7.0,14.0,21 , 42
 2003-04,Widzew Łódź,26,19,4.0,7.0,15.0,25 , 52
 1938,Ruch Wielkie Hajduki,18,27,13.0,1.0,4.0,57 , 35
 1938,Warta Poznań,18,21,9.0,3.0,6.0,58 , 38
 1938,Wisła Kraków,18,20,8.0,4.0,6.0,41 , 36
 1938,Polonia Warszawa,18,19,9.0,1.0,8.0,40 , 38
 1938,Pogoń Lwów,18,19,9.0,1.0,8.0,23 , 26
 1938,AKS Chorzów,18,18,8.0,2.0,8.0,42 , 30
 1938,Cracovia,18,18,8.0,2.0,8.0,37 , 42
 1938,Warszawianka,18,15,7.0,1.0,10.0,34 , 46
 1938,ŁKS Łódź,18,12,4.0,4.0,10.0,25 , 45
 1938,Śmigły Wilno,18,11,5.0,1.0,12.0,29 , 50
 1932,Cracovia,22,29,12.0,5.0,5.0,55 , 30
 1932,Pogoń Lwów,22,28,13.0,2.0,7.0,32 , 24
 1932,Warta Poznań,22,27,13.0,1.0,8.0,55 , 37
 1932,ŁKS Łódź,22,26,11.0,4.0,7.0,50 , 32
 1932,Legia Warszawa,22,23,10.0,3.0,9.0,37 , 25
 1932,Wisła Kraków,22,22,9.0,4.0,9.0,37 , 42
 1932,Ruch Wielkie Hajduki,22,20,8.0,4.0,10.0,33 , 35
 1932,Warszawianka,22,20,8.0,4.0,10.0,27 , 47
 1932,22 p.p. Strzelec Siedlce,22,19,7.0,5.0,10.0,36 , 47
 1932,Garbarnia Kraków,22,18,7.0,4.0,11.0,39 , 43
 1932,Czarni Lwów,22,16,6.0,4.0,12.0,24 , 39
 1932,Polonia Warszawa,22,16,6.0,4.0,12.0,27 , 51
 1992-93,Lech Poznań,34,47,17.0,13.0,4.0,70 , 29
 1992-93,Legia Warszawa,33,47,20.0,7.0,6.0,50 , 26
 1992-93,ŁKS Łódź,33,47,18.0,11.0,4.0,53 , 32
 1992-93,Ruch Chorzów,34,44,19.0,6.0,9.0,52 , 27
 1992-93,Widzew Łódź,34,43,16.0,11.0,7.0,60 , 42
 1992-93,Stal Mielec,34,39,12.0,15.0,7.0,41 , 28
 1992-93,Pogoń Szczecin,34,39,15.0,9.0,10.0,35 , 33
 1992-93,GKS Katowice,34,37,13.0,11.0,10.0,52 , 36
 1992-93,Górnik Zabrze,34,35,11.0,13.0,10.0,43 , 40
 1992-93,Wisła Kraków,33,34,12.0,10.0,11.0,49 , 37
 1992-93,Siarka Tarnobrzeg,34,31,11.0,9.0,14.0,39 , 42
 1992-93,Zagłębie Lubin,34,30,10.0,10.0,14.0,48 , 41
 1992-93,Zawisza Bydgoszcz,34,30,12.0,6.0,16.0,41 , 60
 1992-93,Hutnik Kraków,34,29,8.0,13.0,13.0,40 , 46
 1992-93,Szombierki Bytom,34,23,8.0,7.0,19.0,31 , 59
 1992-93,Śląsk Wrocław,34,23,9.0,5.0,20.0,33 , 74
 1992-93,Olimpia Poznań,33,21,7.0,7.0,19.0,27 , 49
 1992-93,Jagiellonia Białystok,34,9,2.0,5.0,27.0,28 , 91
 1976-77,Śląsk Wrocław,30,41,17.0,7.0,6.0,38 , 32
 1976-77,Widzew Łódź,30,38,14.0,10.0,6.0,46 , 31
 1976-77,Górnik Zabrze,30,37,15.0,7.0,8.0,41 , 32
 1976-77,Stal Mielec,30,36,14.0,8.0,8.0,42 , 30
 1976-77,Zagłębie Sosnowiec,30,35,12.0,11.0,7.0,40 , 28
 1976-77,Pogoń Szczecin,30,35,14.0,7.0,9.0,38 , 44
 1976-77,ŁKS Łódź,30,33,12.0,9.0,9.0,35 , 29
 1976-77,Legia Warszawa,30,30,12.0,6.0,12.0,40 , 38
 1976-77,Szombierki Bytom,30,27,11.0,5.0,14.0,34 , 35
 1976-77,Wisła Kraków,30,27,9.0,9.0,12.0,32 , 33
 1976-77,Arka Gdynia,30,27,10.0,7.0,13.0,27 , 32
 1976-77,Odra Opole,30,26,8.0,10.0,12.0,36 , 39
 1976-77,Ruch Chorzów,30,26,8.0,10.0,12.0,30 , 40
 1976-77,Lech Poznań,30,23,9.0,5.0,16.0,37 , 48
 1976-77,GKS Tychy,30,21,5.0,11.0,14.0,33 , 41
 1976-77,ROW Rybnik,30,18,5.0,8.0,17.0,29 , 46
 1965-66,Górnik Zabrze,26,42,19.0,4.0,3.0,62 , 24
 1965-66,Wisła Kraków,26,32,10.0,12.0,4.0,29 , 22
 1965-66,Polonia Bytom,26,31,12.0,7.0,7.0,37 , 28
 1965-66,Szombierki Bytom,26,31,13.0,5.0,8.0,43 , 35
 1965-66,Zagłębie Sosnowiec,26,29,12.0,5.0,9.0,59 , 39
 1965-66,Legia Warszawa,26,26,9.0,8.0,9.0,30 , 28
 1965-66,Stal Rzeszów,26,26,8.0,10.0,8.0,29 , 30
 1965-66,Śląsk Wrocław,26,25,9.0,7.0,10.0,26 , 35
 1965-66,Zawisza Bydgoszcz,26,24,10.0,4.0,12.0,30 , 35
 1965-66,GKS Katowice,26,22,7.0,8.0,11.0,24 , 37
 1965-66,Ruch Chorzów,26,21,8.0,5.0,13.0,41 , 44
 1965-66,ŁKS Łódź,26,21,7.0,7.0,12.0,33 , 41
 1965-66,Odra Opole,26,20,7.0,6.0,13.0,26 , 40
 1965-66,Gwardia Warszawa,26,14,5.0,4.0,17.0,20 , 51
 1964-65,Górnik Zabrze,26,37,15.0,7.0,4.0,61 , 35
 1964-65,Szombierki Bytom,26,32,14.0,4.0,8.0,53 , 44
 1964-65,Zagłębie Sosnowiec,26,31,14.0,3.0,9.0,57 , 36
 1964-65,Legia Warszawa,26,30,12.0,6.0,8.0,56 , 31
 1964-65,Polonia Bytom,26,26,11.0,4.0,11.0,48 , 38
 1964-65,Gwardia Warszawa,26,26,9.0,8.0,9.0,31 , 30
 1964-65,Ruch Chorzów,26,26,9.0,8.0,9.0,41 , 41
 1964-65,Zawisza Bydgoszcz,26,24,9.0,6.0,11.0,34 , 41
 1964-65,ŁKS Łódź,26,24,8.0,8.0,10.0,25 , 32
 1964-65,Odra Opole,26,24,8.0,8.0,10.0,26 , 35
 1964-65,Śląsk Wrocław,26,24,9.0,6.0,11.0,35 , 46
 1964-65,Stal Rzeszów,26,23,5.0,13.0,8.0,30 , 35
 1964-65,Pogoń Szczecin,26,23,9.0,5.0,12.0,31 , 41
 1964-65,Unia Racibórz,26,14,6.0,2.0,18.0,32 , 75
 1946,Polonia Warszawa,6,9,4.0,1.0,1.0,18 , 12
 1946,Warta Poznań,6,6,2.0,2.0,2.0,16 , 17
 1946,AKS Chorzów,6,5,2.0,1.0,3.0,17 , 11
 1946,ŁKS Łódź,6,4,2.0,0.0,4.0,16 , 27
 1981-82,Widzew Łódź,30,39,14.0,11.0,5.0,45 , 31
 1981-82,Śląsk Wrocław,30,39,16.0,7.0,7.0,40 , 22
 1981-82,Stal Mielec,30,35,11.0,13.0,6.0,33 , 26
 1981-82,Legia Warszawa,30,35,11.0,13.0,6.0,39 , 29
 1981-82,Górnik Zabrze,30,33,13.0,7.0,10.0,35 , 27
 1981-82,Pogoń Szczecin,30,33,13.0,7.0,10.0,44 , 43
 1981-82,Gwardia Warszawa,30,32,12.0,8.0,10.0,36 , 34
 1981-82,Wisła Kraków,30,29,9.0,11.0,10.0,41 , 32
 1981-82,Zagłębie Sosnowiec,30,29,8.0,13.0,9.0,24 , 30
 1981-82,Szombierki Bytom,30,28,10.0,8.0,12.0,38 , 30
 1981-82,Lech Poznań,30,28,11.0,6.0,13.0,25 , 25
 1981-82,ŁKS Łódź,30,28,12.0,4.0,14.0,30 , 39
 1981-82,Bałtyk Gdynia,30,26,9.0,8.0,13.0,24 , 36
 1981-82,Ruch Chorzów,30,25,9.0,7.0,14.0,29 , 35
 1981-82,Arka Gdynia,30,22,7.0,8.0,15.0,16 , 37
 1981-82,Motor Lublin,30,19,6.0,7.0,17.0,34 , 57
 1994-95,Legia Warszawa,34,51,23.0,5.0,6.0,58 , 20
 1994-95,Widzew Łódź,34,45,17.0,11.0,6.0,48 , 25
 1994-95,GKS Katowice,34,42,16.0,10.0,8.0,45 , 27
 1994-95,Zagłębie Lubin,34,42,16.0,10.0,8.0,48 , 41
 1994-95,Górnik Zabrze,34,37,12.0,13.0,9.0,48 , 40
 1994-95,Lech Poznań,34,34,13.0,8.0,13.0,47 , 40
 1994-95,ŁKS Łódź,34,34,10.0,14.0,10.0,39 , 41
 1994-95,Pogoń Szczecin,34,33,10.0,13.0,11.0,33 , 34
 1994-95,Hutnik Kraków,34,32,9.0,14.0,11.0,37 , 39
 1994-95,Sokół Pniewy,34,32,9.0,14.0,11.0,33 , 43
 1994-95,Stal Mielec,34,31,8.0,15.0,11.0,44 , 50
 1994-95,Olimpia Poznań,34,31,9.0,13.0,12.0,46 , 41
 1994-95,Raków Częstochowa,34,31,9.0,13.0,12.0,31 , 43
 1994-95,Stomil Olsztyn,34,30,7.0,16.0,11.0,35 , 40
 1994-95,Petrochemia Płock,34,30,8.0,14.0,12.0,35 , 43
 1994-95,Stal Stalowa Wola,34,29,10.0,9.0,15.0,34 , 47
 1994-95,Ruch Chorzów,34,29,7.0,15.0,12.0,39 , 46
 1994-95,Warta Poznań,34,19,7.0,5.0,22.0,35 , 75
 1980-81,Widzew Łódź,30,39,14.0,11.0,5.0,39 , 25
 1980-81,Wisła Kraków,30,37,15.0,7.0,8.0,51 , 30
 1980-81,Szombierki Bytom,30,36,15.0,6.0,9.0,51 , 33
 1980-81,Śląsk Wrocław,30,36,13.0,10.0,7.0,32 , 28
 1980-81,Legia Warszawa,30,36,12.0,12.0,6.0,48 , 29
 1980-81,Bałtyk Gdynia,30,36,14.0,8.0,8.0,30 , 27
 1980-81,Ruch Chorzów,30,30,11.0,8.0,11.0,36 , 39
 1980-81,Lech Poznań,30,29,11.0,7.0,12.0,28 , 29
 1980-81,Stal Mielec,30,28,12.0,4.0,14.0,41 , 44
 1980-81,Motor Lublin,30,28,10.0,8.0,12.0,36 , 45
 1980-81,Arka Gdynia,30,28,9.0,10.0,11.0,40 , 42
 1980-81,Górnik Zabrze,30,27,9.0,9.0,12.0,20 , 27
 1980-81,ŁKS Łódź,30,25,8.0,9.0,13.0,24 , 38
 1980-81,Zagłębie Sosnowiec,30,24,7.0,10.0,13.0,22 , 27
 1980-81,Zawisza Bydgoszcz,30,23,9.0,5.0,16.0,25 , 43
 1980-81,Odra Opole,30,18,6.0,6.0,18.0,26 , 43
 1962,Górnik Zabrze,12,18,8.0,2.0,2.0,37 , 14
 1962,Zagłębie Sosnowiec,12,15,7.0,1.0,4.0,22 , 15
 1962,Legia Warszawa,12,14,5.0,4.0,3.0,15 , 13
 1962,Ruch Chorzów,12,13,5.0,3.0,4.0,21 , 19
 1962,ŁKS Łódź,12,9,3.0,3.0,6.0,14 , 23
 1962,Gwardia Warszawa,12,8,2.0,4.0,6.0,12 , 20
 1962,Cracovia,12,7,2.0,3.0,7.0,11 , 28
 1936,Ruch Wielkie Hajduki,18,24,11.0,2.0,5.0,50 , 33
 1936,Wisła Kraków,18,22,10.0,2.0,6.0,30 , 24
 1936,Warta Poznań,18,21,10.0,1.0,7.0,43 , 31
 1936,Garbarnia Kraków,18,21,9.0,3.0,6.0,32 , 27
 1936,Warszawianka,18,21,9.0,3.0,6.0,30 , 27
 1936,Pogoń Lwów,18,19,9.0,1.0,8.0,36 , 29
 1936,ŁKS Łódź,18,19,8.0,3.0,7.0,37 , 32
 1936,Dąb Katowice,18,14,7.0,0.0,11.0,29 , 43
 1936,Śląsk Świętochłowice,18,11,4.0,3.0,11.0,21 , 40
 1936,Legia Warszawa,18,8,3.0,2.0,13.0,24 , 46
 1971-72,Górnik Zabrze,26,37,14.0,9.0,3.0,45 , 23
 1971-72,Zagłębie Sosnowiec,26,33,13.0,7.0,6.0,31 , 26
 1971-72,Legia Warszawa,26,32,12.0,8.0,6.0,36 , 20
 1971-72,Ruch Chorzów,26,30,13.0,4.0,9.0,46 , 33
 1971-72,Stal Mielec,26,30,12.0,6.0,8.0,29 , 19
 1971-72,Gwardia Warszawa,26,28,11.0,6.0,9.0,28 , 21
 1971-72,Odra Opole,26,27,9.0,9.0,8.0,25 , 27
 1971-72,Zagłębie Wałbrzych,26,26,9.0,8.0,9.0,22 , 21
 1971-72,Wisła Kraków,26,25,7.0,11.0,8.0,29 , 34
 1971-72,Polonia Bytom,26,21,5.0,11.0,10.0,19 , 31
 1971-72,Pogoń Szczecin,26,20,8.0,4.0,14.0,24 , 37
 1971-72,ŁKS Łódź,26,19,3.0,13.0,10.0,24 , 39
 1971-72,Stal Rzeszów,26,18,4.0,10.0,12.0,20 , 32
 1971-72,Szombierki Bytom,26,18,6.0,6.0,14.0,24 , 39
 2018-19,Raków Częstochowa,2,4,1.0,1.0,,4 , 1
 2018-19,Bytovia Bytów,2,4,1.0,1.0,,4 , 3
 2018-19,Odra Opole,2,4,1.0,1.0,,3 , 2
 2018-19,ŁKS Łódź,2,4,1.0,1.0,,2 , 1
 2018-19,Wigry Suwałki,2,4,1.0,1.0,,2 , 1
 2018-19,Stal Mielec,2,3,1.0,,1.0,2 , 1
 2018-19,Warta Poznań,1,3,1.0,,,1 , 0
 2018-19,Termalica Bruk-Bet Nieciecza,2,3,1.0,,1.0,3 , 3
 2018-19,Podbeskidzie Bielsko-Biała,2,3,1.0,,1.0,2 , 2
 2018-19,Chrobry Głogów,2,3,1.0,,1.0,1 , 1
 2018-19,Puszcza Niepołomice,2,3,1.0,,1.0,1 , 3
 2018-19,Sandecja Nowy Sącz,2,2,,2.0,,4 , 4
 2018-19,Chojniczanka Chojnice,2,2,,2.0,,3 , 3
 2018-19,Stomil Olsztyn,1,1,,1.0,,2 , 2
 2018-19,GKS Jastrzębie,2,1,,1.0,1.0,2 , 3
 2018-19,GKS Katowice,2,1,,1.0,1.0,1 , 2
 2018-19,GKS Tychy,2,0,,,2.0,1 , 3
 2018-19,Garbarnia Kraków,2,0,,,2.0,0 , 3
 1935,Ruch Wielkie Hajduki,20,26,10.0,6.0,4.0,37 , 26
 1935,Pogoń Lwów,20,25,11.0,3.0,6.0,55 , 31
 1935,Warta Poznań,20,24,10.0,4.0,6.0,50 , 33
 1935,Wisła Kraków,20,23,10.0,3.0,7.0,51 , 38
 1935,Śląsk Świętochłowice,20,22,10.0,2.0,8.0,34 , 40
 1935,ŁKS Łódź,20,20,9.0,2.0,9.0,30 , 34
 1935,Garbarnia Kraków,20,19,7.0,5.0,8.0,37 , 31
 1935,Warszawianka,20,18,6.0,6.0,8.0,29 , 37
 1935,Legia Warszawa,20,18,8.0,2.0,10.0,32 , 46
 1935,Cracovia,20,17,6.0,5.0,9.0,34 , 34
 1935,Polonia Warszawa,20,8,3.0,2.0,15.0,18 , 57
 1990-91,Zagłębie Lubin,30,44,18.0,8.0,4.0,49 , 25
 1990-91,Górnik Zabrze,30,40,15.0,10.0,5.0,55 , 24
 1990-91,Wisła Kraków,30,40,13.0,14.0,3.0,52 , 26
 1990-91,GKS Katowice,30,39,16.0,7.0,7.0,33 , 26
 1990-91,Hutnik Kraków,30,37,14.0,9.0,7.0,53 , 34
 1990-91,Lech Poznań,30,33,10.0,13.0,7.0,49 , 28
 1990-91,Śląsk Wrocław,30,33,12.0,9.0,9.0,41 , 37
 1990-91,Olimpia Poznań,30,30,9.0,12.0,9.0,37 , 41
 1990-91,Legia Warszawa,30,28,8.0,12.0,10.0,24 , 24
 1990-91,Motor Lublin,30,28,10.0,8.0,12.0,33 , 38
 1990-91,ŁKS Łódź,30,28,11.0,6.0,13.0,25 , 36
 1990-91,Igloopol Dębica,30,26,7.0,12.0,11.0,29 , 45
 1990-91,Ruch Chorzów,30,25,7.0,11.0,12.0,25 , 35
 1990-91,Zawisza Bydgoszcz,30,23,8.0,7.0,15.0,27 , 41
 1990-91,Stal Mielec,30,16,3.0,10.0,17.0,25 , 49
 1990-91,Zagłębie Sosnowiec,30,10,2.0,6.0,22.0,21 , 69
